Class,ID
MIDDLE,25321.jpg
OLD,989.jpg
MIDDLE,19277.jpg
YOUNG,13093.jpg
YOUNG,5367.jpg
YOUNG,19851.jpg
YOUNG,10384.jpg
YOUNG,24567.jpg
YOUNG,2029.jpg
YOUNG,4956.jpg
YOUNG,26131.jpg
YOUNG,17407.jpg
MIDDLE,11136.jpg
OLD,23038.jpg
OLD,6333.jpg
OLD,25076.jpg
OLD,22102.jpg
YOUNG,12396.jpg
YOUNG,24719.jpg
YOUNG,21354.jpg
YOUNG,15362.jpg
YOUNG,10415.jpg
OLD,5295.jpg
OLD,5531.jpg
YOUNG,16784.jpg
YOUNG,22442.jpg
OLD,16794.jpg
YOUNG,11261.jpg
YOUNG,11540.jpg
YOUNG,24286.jpg
OLD,5997.jpg
OLD,4115.jpg
OLD,23605.jpg
YOUNG,5640.jpg
MIDDLE,22459.jpg
YOUNG,24442.jpg
YOUNG,13300.jpg
MIDDLE,23446.jpg
OLD,8907.jpg
OLD,9497.jpg
YOUNG,4530.jpg
YOUNG,24152.jpg
YOUNG,26181.jpg
OLD,20786.jpg
YOUNG,13099.jpg
OLD,10797.jpg
OLD,4642.jpg
OLD,24350.jpg
YOUNG,2384.jpg
YOUNG,4490.jpg
YOUNG,2823.jpg
OLD,18937.jpg
YOUNG,1292.jpg
OLD,1663.jpg
OLD,503.jpg
MIDDLE,22686.jpg
YOUNG,18205.jpg
OLD,7306.jpg
OLD,10900.jpg
YOUNG,12532.jpg
OLD,9272.jpg
YOUNG,23320.jpg
MIDDLE,2298.jpg
OLD,15041.jpg
OLD,23386.jpg
MIDDLE,8865.jpg
YOUNG,18894.jpg
YOUNG,14232.jpg
YOUNG,4636.jpg
YOUNG,13609.jpg
YOUNG,5141.jpg
OLD,16092.jpg
OLD,23806.jpg
OLD,14763.jpg
YOUNG,1933.jpg
YOUNG,12917.jpg
YOUNG,18140.jpg
MIDDLE,7711.jpg
YOUNG,16442.jpg
OLD,18731.jpg
YOUNG,1376.jpg
MIDDLE,11482.jpg
YOUNG,6894.jpg
OLD,8191.jpg
OLD,7911.jpg
YOUNG,14689.jpg
YOUNG,25571.jpg
YOUNG,4671.jpg
YOUNG,25710.jpg
OLD,23044.jpg
YOUNG,10649.jpg
YOUNG,16249.jpg
OLD,3464.jpg
YOUNG,2629.jpg
YOUNG,2428.jpg
YOUNG,16217.jpg
MIDDLE,10249.jpg
MIDDLE,3613.jpg
OLD,25659.jpg
MIDDLE,7501.jpg
YOUNG,25761.jpg
MIDDLE,19089.jpg
YOUNG,20533.jpg
YOUNG,2858.jpg
MIDDLE,17232.jpg
OLD,3231.jpg
YOUNG,18082.jpg
OLD,23427.jpg
YOUNG,21470.jpg
YOUNG,22629.jpg
OLD,9837.jpg
YOUNG,17170.jpg
OLD,21993.jpg
YOUNG,21618.jpg
OLD,25295.jpg
YOUNG,16673.jpg
YOUNG,11097.jpg
OLD,10495.jpg
YOUNG,15512.jpg
YOUNG,3833.jpg
YOUNG,14499.jpg
YOUNG,11137.jpg
YOUNG,17768.jpg
OLD,7960.jpg
YOUNG,5486.jpg
YOUNG,15810.jpg
YOUNG,25061.jpg
OLD,13328.jpg
OLD,5877.jpg
YOUNG,4402.jpg
YOUNG,18881.jpg
YOUNG,25202.jpg
YOUNG,2754.jpg
OLD,23763.jpg
YOUNG,13345.jpg
OLD,2974.jpg
YOUNG,19444.jpg
YOUNG,1668.jpg
OLD,21202.jpg
YOUNG,3381.jpg
MIDDLE,19413.jpg
YOUNG,8648.jpg
MIDDLE,20221.jpg
YOUNG,6910.jpg
YOUNG,21932.jpg
YOUNG,10274.jpg
OLD,15827.jpg
OLD,6208.jpg
OLD,1765.jpg
OLD,13448.jpg
MIDDLE,18033.jpg
YOUNG,3536.jpg
OLD,21105.jpg
YOUNG,12546.jpg
YOUNG,21808.jpg
YOUNG,6250.jpg
YOUNG,11947.jpg
YOUNG,10228.jpg
YOUNG,21394.jpg
OLD,19823.jpg
OLD,23314.jpg
YOUNG,2963.jpg
OLD,14291.jpg
YOUNG,10479.jpg
YOUNG,6939.jpg
YOUNG,21559.jpg
MIDDLE,21537.jpg
YOUNG,8089.jpg
OLD,2957.jpg
YOUNG,4105.jpg
YOUNG,4847.jpg
YOUNG,2785.jpg
YOUNG,24357.jpg
YOUNG,3627.jpg
YOUNG,2130.jpg
MIDDLE,5310.jpg
MIDDLE,4261.jpg
OLD,495.jpg
YOUNG,23589.jpg
OLD,14185.jpg
MIDDLE,2976.jpg
YOUNG,11021.jpg
YOUNG,13509.jpg
OLD,23110.jpg
YOUNG,19159.jpg
MIDDLE,24459.jpg
YOUNG,19289.jpg
YOUNG,19341.jpg
OLD,20925.jpg
YOUNG,7056.jpg
MIDDLE,23157.jpg
OLD,23759.jpg
OLD,12618.jpg
YOUNG,12835.jpg
YOUNG,8902.jpg
OLD,837.jpg
YOUNG,7697.jpg
YOUNG,18928.jpg
YOUNG,6885.jpg
YOUNG,6653.jpg
OLD,22509.jpg
OLD,5252.jpg
YOUNG,12691.jpg
YOUNG,15891.jpg
OLD,1011.jpg
OLD,6947.jpg
YOUNG,105.jpg
YOUNG,4374.jpg
YOUNG,23780.jpg
YOUNG,25099.jpg
YOUNG,7806.jpg
YOUNG,12159.jpg
OLD,14676.jpg
YOUNG,15431.jpg
YOUNG,7312.jpg
OLD,7385.jpg
YOUNG,23697.jpg
YOUNG,25039.jpg
OLD,12172.jpg
YOUNG,5653.jpg
MIDDLE,4887.jpg
YOUNG,18268.jpg
OLD,5720.jpg
YOUNG,21190.jpg
OLD,26292.jpg
OLD,7776.jpg
YOUNG,19799.jpg
OLD,24571.jpg
YOUNG,10498.jpg
OLD,22282.jpg
YOUNG,25416.jpg
YOUNG,22001.jpg
YOUNG,5709.jpg
YOUNG,1099.jpg
YOUNG,19961.jpg
OLD,6709.jpg
YOUNG,11294.jpg
YOUNG,3235.jpg
OLD,7964.jpg
YOUNG,13854.jpg
OLD,9108.jpg
YOUNG,10714.jpg
YOUNG,10.jpg
OLD,23361.jpg
OLD,10089.jpg
OLD,20587.jpg
YOUNG,20459.jpg
OLD,3764.jpg
OLD,12001.jpg
YOUNG,9051.jpg
OLD,7176.jpg
OLD,25479.jpg
YOUNG,26094.jpg
YOUNG,23077.jpg
YOUNG,19287.jpg
OLD,3711.jpg
MIDDLE,3944.jpg
YOUNG,12621.jpg
YOUNG,17146.jpg
YOUNG,13919.jpg
YOUNG,8559.jpg
YOUNG,25920.jpg
YOUNG,19602.jpg
OLD,15977.jpg
YOUNG,4242.jpg
YOUNG,18988.jpg
YOUNG,23619.jpg
YOUNG,13143.jpg
MIDDLE,1433.jpg
YOUNG,20537.jpg
YOUNG,2681.jpg
YOUNG,25716.jpg
YOUNG,182.jpg
OLD,20984.jpg
YOUNG,15870.jpg
YOUNG,25363.jpg
MIDDLE,9946.jpg
OLD,16321.jpg
OLD,21155.jpg
MIDDLE,3760.jpg
OLD,5308.jpg
OLD,9604.jpg
OLD,24500.jpg
YOUNG,9664.jpg
YOUNG,4266.jpg
YOUNG,2179.jpg
YOUNG,11336.jpg
YOUNG,5904.jpg
OLD,19326.jpg
OLD,23819.jpg
OLD,8726.jpg
OLD,25983.jpg
YOUNG,7222.jpg
YOUNG,14109.jpg
YOUNG,16791.jpg
OLD,23381.jpg
MIDDLE,8202.jpg
MIDDLE,6729.jpg
OLD,19717.jpg
MIDDLE,14497.jpg
OLD,24454.jpg
YOUNG,2953.jpg
YOUNG,10617.jpg
OLD,8296.jpg
YOUNG,12786.jpg
YOUNG,22421.jpg
OLD,8918.jpg
OLD,18707.jpg
YOUNG,5060.jpg
YOUNG,6124.jpg
YOUNG,20260.jpg
OLD,2912.jpg
YOUNG,146.jpg
MIDDLE,6355.jpg
OLD,24252.jpg
YOUNG,23515.jpg
YOUNG,20145.jpg
OLD,2537.jpg
OLD,23341.jpg
YOUNG,10603.jpg
MIDDLE,3594.jpg
OLD,25375.jpg
YOUNG,7778.jpg
YOUNG,19520.jpg
YOUNG,14686.jpg
OLD,5263.jpg
OLD,15998.jpg
YOUNG,15942.jpg
OLD,3028.jpg
MIDDLE,12150.jpg
OLD,22746.jpg
YOUNG,18141.jpg
YOUNG,9446.jpg
YOUNG,1027.jpg
YOUNG,2606.jpg
YOUNG,26480.jpg
OLD,1842.jpg
YOUNG,1710.jpg
YOUNG,1367.jpg
YOUNG,21450.jpg
YOUNG,23624.jpg
MIDDLE,10186.jpg
YOUNG,14608.jpg
OLD,23300.jpg
YOUNG,19124.jpg
OLD,17421.jpg
YOUNG,22339.jpg
YOUNG,13175.jpg
OLD,15165.jpg
OLD,14658.jpg
YOUNG,916.jpg
YOUNG,16247.jpg
OLD,20907.jpg
YOUNG,13641.jpg
OLD,13431.jpg
YOUNG,26170.jpg
YOUNG,22873.jpg
YOUNG,1984.jpg
YOUNG,6086.jpg
YOUNG,26281.jpg
OLD,19739.jpg
OLD,921.jpg
YOUNG,12769.jpg
OLD,13023.jpg
YOUNG,3790.jpg
OLD,21801.jpg
OLD,10591.jpg
OLD,6348.jpg
MIDDLE,17260.jpg
MIDDLE,7491.jpg
OLD,12524.jpg
OLD,23220.jpg
OLD,26090.jpg
OLD,18646.jpg
YOUNG,25409.jpg
YOUNG,1608.jpg
YOUNG,11496.jpg
YOUNG,9876.jpg
MIDDLE,5901.jpg
YOUNG,2863.jpg
YOUNG,19429.jpg
YOUNG,18049.jpg
YOUNG,15934.jpg
YOUNG,23422.jpg
YOUNG,375.jpg
YOUNG,21493.jpg
OLD,10243.jpg
YOUNG,10764.jpg
YOUNG,21634.jpg
OLD,1457.jpg
YOUNG,22807.jpg
OLD,16899.jpg
YOUNG,12219.jpg
YOUNG,5685.jpg
OLD,9143.jpg
OLD,20824.jpg
YOUNG,25275.jpg
YOUNG,21488.jpg
YOUNG,24171.jpg
YOUNG,21332.jpg
MIDDLE,11210.jpg
OLD,26199.jpg
OLD,25497.jpg
OLD,25656.jpg
OLD,200.jpg
OLD,11090.jpg
YOUNG,7366.jpg
YOUNG,14558.jpg
MIDDLE,10233.jpg
YOUNG,16634.jpg
YOUNG,12211.jpg
YOUNG,24362.jpg
OLD,13732.jpg
OLD,25161.jpg
OLD,4797.jpg
OLD,8700.jpg
YOUNG,16533.jpg
YOUNG,1607.jpg
YOUNG,23703.jpg
OLD,25778.jpg
MIDDLE,9599.jpg
OLD,2308.jpg
YOUNG,981.jpg
MIDDLE,1701.jpg
OLD,26442.jpg
OLD,12271.jpg
OLD,23212.jpg
OLD,5928.jpg
YOUNG,24008.jpg
YOUNG,14054.jpg
OLD,12760.jpg
YOUNG,16323.jpg
OLD,10663.jpg
YOUNG,23128.jpg
OLD,17524.jpg
YOUNG,4400.jpg
OLD,23156.jpg
YOUNG,25096.jpg
YOUNG,9907.jpg
OLD,9874.jpg
OLD,4064.jpg
YOUNG,10889.jpg
YOUNG,380.jpg
YOUNG,9182.jpg
YOUNG,15541.jpg
YOUNG,19430.jpg
OLD,10706.jpg
OLD,1643.jpg
YOUNG,24598.jpg
OLD,15320.jpg
YOUNG,3400.jpg
OLD,3881.jpg
YOUNG,7718.jpg
YOUNG,20574.jpg
OLD,22723.jpg
YOUNG,799.jpg
YOUNG,25507.jpg
MIDDLE,23529.jpg
YOUNG,3532.jpg
YOUNG,10124.jpg
YOUNG,17290.jpg
YOUNG,14873.jpg
OLD,20760.jpg
YOUNG,15325.jpg
OLD,21311.jpg
OLD,9679.jpg
YOUNG,254.jpg
MIDDLE,24539.jpg
MIDDLE,5600.jpg
OLD,8760.jpg
OLD,18767.jpg
YOUNG,8299.jpg
YOUNG,1046.jpg
YOUNG,13067.jpg
YOUNG,7024.jpg
OLD,22974.jpg
MIDDLE,21587.jpg
OLD,6562.jpg
YOUNG,9261.jpg
YOUNG,24551.jpg
MIDDLE,24207.jpg
YOUNG,2516.jpg
MIDDLE,14524.jpg
YOUNG,22700.jpg
YOUNG,6607.jpg
OLD,207.jpg
YOUNG,8885.jpg
YOUNG,25421.jpg
YOUNG,2736.jpg
MIDDLE,6620.jpg
MIDDLE,6945.jpg
MIDDLE,7243.jpg
OLD,21736.jpg
YOUNG,3919.jpg
YOUNG,1725.jpg
YOUNG,22132.jpg
YOUNG,23217.jpg
YOUNG,23690.jpg
YOUNG,19888.jpg
YOUNG,6518.jpg
YOUNG,20122.jpg
MIDDLE,5722.jpg
OLD,1566.jpg
YOUNG,18086.jpg
OLD,10194.jpg
OLD,21551.jpg
YOUNG,141.jpg
YOUNG,22005.jpg
OLD,25688.jpg
YOUNG,18142.jpg
MIDDLE,10523.jpg
YOUNG,72.jpg
YOUNG,16404.jpg
YOUNG,13419.jpg
MIDDLE,18023.jpg
YOUNG,21306.jpg
OLD,15411.jpg
OLD,2213.jpg
YOUNG,13330.jpg
YOUNG,16281.jpg
OLD,7526.jpg
OLD,13557.jpg
OLD,3267.jpg
MIDDLE,13140.jpg
YOUNG,18557.jpg
YOUNG,20148.jpg
OLD,8969.jpg
YOUNG,10703.jpg
OLD,13078.jpg
OLD,6873.jpg
YOUNG,12987.jpg
YOUNG,15873.jpg
YOUNG,16810.jpg
YOUNG,11799.jpg
YOUNG,16417.jpg
OLD,11687.jpg
YOUNG,954.jpg
OLD,9704.jpg
YOUNG,823.jpg
YOUNG,5487.jpg
YOUNG,16152.jpg
MIDDLE,19690.jpg
YOUNG,9925.jpg
YOUNG,10670.jpg
YOUNG,20933.jpg
OLD,2166.jpg
YOUNG,7628.jpg
YOUNG,7874.jpg
OLD,20279.jpg
YOUNG,17987.jpg
YOUNG,12050.jpg
YOUNG,525.jpg
YOUNG,14336.jpg
YOUNG,4726.jpg
YOUNG,1746.jpg
YOUNG,25104.jpg
YOUNG,5835.jpg
YOUNG,25534.jpg
OLD,18796.jpg
OLD,8182.jpg
YOUNG,5808.jpg
YOUNG,17185.jpg
OLD,8926.jpg
YOUNG,24792.jpg
YOUNG,11043.jpg
YOUNG,11494.jpg
YOUNG,10077.jpg
OLD,25019.jpg
YOUNG,6865.jpg
MIDDLE,13999.jpg
YOUNG,11661.jpg
MIDDLE,1737.jpg
OLD,23823.jpg
MIDDLE,2354.jpg
OLD,5028.jpg
OLD,13825.jpg
OLD,21855.jpg
OLD,7438.jpg
YOUNG,24857.jpg
YOUNG,15700.jpg
YOUNG,24168.jpg
YOUNG,3909.jpg
MIDDLE,16627.jpg
YOUNG,16433.jpg
OLD,22514.jpg
MIDDLE,2307.jpg
OLD,13247.jpg
YOUNG,18936.jpg
YOUNG,9217.jpg
OLD,21531.jpg
MIDDLE,12805.jpg
OLD,4355.jpg
YOUNG,2958.jpg
YOUNG,6561.jpg
OLD,627.jpg
YOUNG,7051.jpg
OLD,18879.jpg
MIDDLE,20917.jpg
OLD,13812.jpg
YOUNG,446.jpg
YOUNG,539.jpg
MIDDLE,1726.jpg
OLD,14161.jpg
OLD,21753.jpg
YOUNG,24915.jpg
MIDDLE,865.jpg
YOUNG,17299.jpg
YOUNG,21573.jpg
MIDDLE,20790.jpg
YOUNG,24708.jpg
YOUNG,8217.jpg
OLD,4942.jpg
YOUNG,14756.jpg
YOUNG,25179.jpg
YOUNG,12083.jpg
YOUNG,3899.jpg
YOUNG,6157.jpg
OLD,12393.jpg
YOUNG,14622.jpg
YOUNG,18876.jpg
YOUNG,2618.jpg
YOUNG,13136.jpg
MIDDLE,312.jpg
MIDDLE,25287.jpg
YOUNG,4300.jpg
OLD,18927.jpg
YOUNG,12709.jpg
OLD,6059.jpg
YOUNG,6636.jpg
YOUNG,5248.jpg
YOUNG,17980.jpg
YOUNG,17045.jpg
YOUNG,18472.jpg
MIDDLE,18883.jpg
YOUNG,2671.jpg
YOUNG,9052.jpg
OLD,11788.jpg
YOUNG,25852.jpg
YOUNG,24770.jpg
YOUNG,974.jpg
YOUNG,13296.jpg
YOUNG,11356.jpg
YOUNG,12418.jpg
YOUNG,23537.jpg
YOUNG,9964.jpg
YOUNG,15375.jpg
OLD,22174.jpg
YOUNG,25049.jpg
MIDDLE,7332.jpg
YOUNG,25115.jpg
OLD,9678.jpg
YOUNG,21449.jpg
YOUNG,26097.jpg
YOUNG,1528.jpg
YOUNG,13365.jpg
OLD,1392.jpg
MIDDLE,12417.jpg
YOUNG,20477.jpg
OLD,2053.jpg
OLD,18143.jpg
YOUNG,5379.jpg
OLD,7183.jpg
YOUNG,17014.jpg
YOUNG,10644.jpg
OLD,14216.jpg
YOUNG,25348.jpg
OLD,7131.jpg
YOUNG,20922.jpg
YOUNG,21353.jpg
OLD,21670.jpg
OLD,24530.jpg
YOUNG,1732.jpg
YOUNG,20179.jpg
OLD,18634.jpg
MIDDLE,5325.jpg
YOUNG,1949.jpg
YOUNG,25988.jpg
YOUNG,10876.jpg
YOUNG,12703.jpg
YOUNG,8562.jpg
OLD,3895.jpg
OLD,20103.jpg
YOUNG,2345.jpg
YOUNG,14387.jpg
YOUNG,26237.jpg
YOUNG,3192.jpg
OLD,25071.jpg
YOUNG,23340.jpg
YOUNG,12209.jpg
YOUNG,25686.jpg
YOUNG,14760.jpg
OLD,5927.jpg
YOUNG,18759.jpg
YOUNG,8218.jpg
OLD,22347.jpg
OLD,11589.jpg
YOUNG,7254.jpg
OLD,19742.jpg
OLD,8457.jpg
OLD,11801.jpg
YOUNG,21053.jpg
MIDDLE,8175.jpg
OLD,1948.jpg
MIDDLE,24747.jpg
OLD,10848.jpg
YOUNG,11826.jpg
OLD,17098.jpg
YOUNG,9563.jpg
OLD,5564.jpg
MIDDLE,26174.jpg
MIDDLE,17118.jpg
YOUNG,7798.jpg
YOUNG,22596.jpg
YOUNG,2539.jpg
YOUNG,4425.jpg
OLD,5462.jpg
YOUNG,15186.jpg
YOUNG,3284.jpg
YOUNG,24914.jpg
OLD,4676.jpg
OLD,11172.jpg
YOUNG,24420.jpg
OLD,13947.jpg
YOUNG,11731.jpg
YOUNG,13382.jpg
YOUNG,15228.jpg
YOUNG,3187.jpg
MIDDLE,13976.jpg
MIDDLE,11772.jpg
OLD,21715.jpg
YOUNG,13178.jpg
MIDDLE,12115.jpg
YOUNG,21380.jpg
YOUNG,1911.jpg
YOUNG,1234.jpg
MIDDLE,3132.jpg
OLD,18587.jpg
YOUNG,3460.jpg
YOUNG,4244.jpg
YOUNG,21518.jpg
MIDDLE,23981.jpg
YOUNG,12534.jpg
YOUNG,8634.jpg
OLD,4913.jpg
MIDDLE,4973.jpg
OLD,13455.jpg
OLD,13946.jpg
YOUNG,24921.jpg
OLD,5046.jpg
YOUNG,10484.jpg
OLD,18724.jpg
YOUNG,4866.jpg
OLD,22913.jpg
OLD,12991.jpg
YOUNG,25733.jpg
OLD,18338.jpg
YOUNG,6804.jpg
YOUNG,25290.jpg
YOUNG,14991.jpg
YOUNG,7666.jpg
OLD,26163.jpg
YOUNG,23880.jpg
YOUNG,25665.jpg
YOUNG,21074.jpg
YOUNG,5550.jpg
YOUNG,25162.jpg
MIDDLE,2949.jpg
YOUNG,16675.jpg
YOUNG,25632.jpg
OLD,11708.jpg
OLD,17651.jpg
YOUNG,9362.jpg
OLD,26037.jpg
OLD,4818.jpg
YOUNG,26252.jpg
OLD,6740.jpg
MIDDLE,3225.jpg
YOUNG,18329.jpg
OLD,24176.jpg
OLD,16753.jpg
MIDDLE,10418.jpg
YOUNG,6837.jpg
YOUNG,15835.jpg
OLD,6022.jpg
OLD,3771.jpg
OLD,24808.jpg
YOUNG,22369.jpg
YOUNG,6842.jpg
OLD,15992.jpg
YOUNG,11671.jpg
OLD,5862.jpg
YOUNG,3268.jpg
YOUNG,9338.jpg
OLD,24671.jpg
YOUNG,5265.jpg
YOUNG,26395.jpg
OLD,19990.jpg
YOUNG,25776.jpg
MIDDLE,17245.jpg
YOUNG,20227.jpg
YOUNG,24088.jpg
MIDDLE,19387.jpg
OLD,24183.jpg
OLD,23853.jpg
YOUNG,23674.jpg
OLD,12064.jpg
YOUNG,4185.jpg
OLD,17774.jpg
YOUNG,12900.jpg
OLD,7740.jpg
OLD,15587.jpg
YOUNG,5140.jpg
YOUNG,20331.jpg
YOUNG,25897.jpg
YOUNG,5443.jpg
OLD,3234.jpg
YOUNG,19756.jpg
YOUNG,2413.jpg
YOUNG,10521.jpg
YOUNG,1000.jpg
YOUNG,22987.jpg
YOUNG,13651.jpg
YOUNG,6353.jpg
YOUNG,1072.jpg
YOUNG,21038.jpg
OLD,9163.jpg
MIDDLE,4476.jpg
OLD,8824.jpg
YOUNG,3683.jpg
YOUNG,22276.jpg
YOUNG,5146.jpg
OLD,11284.jpg
YOUNG,3845.jpg
YOUNG,23003.jpg
YOUNG,23476.jpg
OLD,11512.jpg
MIDDLE,23245.jpg
OLD,24444.jpg
YOUNG,11937.jpg
OLD,16629.jpg
YOUNG,9731.jpg
YOUNG,12020.jpg
MIDDLE,14979.jpg
YOUNG,6055.jpg
YOUNG,25855.jpg
YOUNG,22452.jpg
YOUNG,12907.jpg
YOUNG,17327.jpg
YOUNG,14981.jpg
YOUNG,231.jpg
YOUNG,15276.jpg
MIDDLE,3396.jpg
YOUNG,7957.jpg
YOUNG,18748.jpg
MIDDLE,2970.jpg
YOUNG,20507.jpg
YOUNG,1778.jpg
YOUNG,18543.jpg
OLD,1966.jpg
YOUNG,9549.jpg
YOUNG,12673.jpg
YOUNG,161.jpg
YOUNG,7376.jpg
YOUNG,7276.jpg
OLD,8731.jpg
YOUNG,7493.jpg
YOUNG,16867.jpg
YOUNG,12864.jpg
YOUNG,18073.jpg
MIDDLE,19882.jpg
YOUNG,13229.jpg
YOUNG,4693.jpg
YOUNG,13783.jpg
YOUNG,24809.jpg
YOUNG,23681.jpg
OLD,4669.jpg
OLD,20190.jpg
YOUNG,21333.jpg
YOUNG,6645.jpg
YOUNG,23580.jpg
OLD,16118.jpg
OLD,14317.jpg
YOUNG,2441.jpg
YOUNG,24277.jpg
YOUNG,3326.jpg
YOUNG,6882.jpg
YOUNG,10254.jpg
YOUNG,277.jpg
OLD,3069.jpg
OLD,14549.jpg
YOUNG,23528.jpg
YOUNG,16900.jpg
YOUNG,11488.jpg
YOUNG,20963.jpg
YOUNG,19740.jpg
YOUNG,5348.jpg
OLD,24867.jpg
YOUNG,4637.jpg
OLD,25768.jpg
YOUNG,5719.jpg
OLD,11918.jpg
YOUNG,2416.jpg
OLD,16017.jpg
YOUNG,14303.jpg
YOUNG,13886.jpg
OLD,22133.jpg
MIDDLE,26088.jpg
YOUNG,20127.jpg
YOUNG,24801.jpg
YOUNG,4005.jpg
YOUNG,14722.jpg
OLD,5674.jpg
OLD,10939.jpg
YOUNG,12791.jpg
YOUNG,26394.jpg
OLD,3669.jpg
MIDDLE,5764.jpg
OLD,1731.jpg
YOUNG,5493.jpg
YOUNG,3210.jpg
OLD,16762.jpg
OLD,24013.jpg
YOUNG,21163.jpg
YOUNG,20173.jpg
YOUNG,23432.jpg
YOUNG,17404.jpg
YOUNG,3121.jpg
OLD,20765.jpg
OLD,5502.jpg
YOUNG,23804.jpg
YOUNG,20320.jpg
YOUNG,3340.jpg
MIDDLE,21510.jpg
OLD,22754.jpg
YOUNG,9560.jpg
YOUNG,25794.jpg
OLD,440.jpg
YOUNG,10170.jpg
YOUNG,7552.jpg
YOUNG,13630.jpg
YOUNG,14776.jpg
YOUNG,6835.jpg
OLD,18306.jpg
OLD,15142.jpg
YOUNG,971.jpg
OLD,22620.jpg
MIDDLE,2414.jpg
OLD,6057.jpg
YOUNG,12078.jpg
OLD,23074.jpg
YOUNG,4221.jpg
YOUNG,22190.jpg
YOUNG,14352.jpg
YOUNG,9919.jpg
YOUNG,13870.jpg
OLD,7738.jpg
YOUNG,6108.jpg
YOUNG,10995.jpg
YOUNG,21393.jpg
YOUNG,13748.jpg
YOUNG,20791.jpg
YOUNG,12823.jpg
OLD,10121.jpg
OLD,15158.jpg
YOUNG,11308.jpg
YOUNG,5485.jpg
YOUNG,18619.jpg
MIDDLE,11379.jpg
YOUNG,4690.jpg
YOUNG,9144.jpg
YOUNG,5429.jpg
YOUNG,25428.jpg
OLD,17408.jpg
YOUNG,21985.jpg
YOUNG,11046.jpg
YOUNG,9996.jpg
YOUNG,20816.jpg
YOUNG,3080.jpg
YOUNG,2262.jpg
YOUNG,4315.jpg
YOUNG,7942.jpg
MIDDLE,20724.jpg
YOUNG,5794.jpg
OLD,13472.jpg
YOUNG,8305.jpg
YOUNG,10409.jpg
OLD,449.jpg
YOUNG,17221.jpg
YOUNG,5575.jpg
OLD,5698.jpg
MIDDLE,8935.jpg
YOUNG,22815.jpg
YOUNG,1377.jpg
YOUNG,8659.jpg
OLD,7369.jpg
MIDDLE,4729.jpg
YOUNG,11323.jpg
MIDDLE,17805.jpg
YOUNG,20225.jpg
OLD,7848.jpg
YOUNG,17517.jpg
MIDDLE,14283.jpg
OLD,24102.jpg
OLD,14803.jpg
YOUNG,10684.jpg
YOUNG,16013.jpg
YOUNG,7607.jpg
YOUNG,20753.jpg
OLD,13743.jpg
MIDDLE,387.jpg
OLD,7669.jpg
MIDDLE,18.jpg
YOUNG,1399.jpg
MIDDLE,15071.jpg
YOUNG,6520.jpg
YOUNG,12672.jpg
OLD,22962.jpg
MIDDLE,21609.jpg
OLD,8139.jpg
OLD,22542.jpg
MIDDLE,11563.jpg
YOUNG,26265.jpg
YOUNG,4190.jpg
OLD,10151.jpg
MIDDLE,20543.jpg
OLD,22995.jpg
YOUNG,21945.jpg
YOUNG,17018.jpg
OLD,18508.jpg
YOUNG,23598.jpg
OLD,26171.jpg
OLD,16064.jpg
YOUNG,3681.jpg
YOUNG,1293.jpg
YOUNG,11558.jpg
YOUNG,17686.jpg
YOUNG,19642.jpg
YOUNG,21210.jpg
MIDDLE,1463.jpg
YOUNG,3282.jpg
YOUNG,24208.jpg
YOUNG,5809.jpg
YOUNG,13484.jpg
YOUNG,13686.jpg
OLD,10951.jpg
YOUNG,10818.jpg
YOUNG,740.jpg
YOUNG,24472.jpg
YOUNG,6556.jpg
YOUNG,11372.jpg
YOUNG,647.jpg
YOUNG,178.jpg
YOUNG,19649.jpg
YOUNG,13195.jpg
YOUNG,20178.jpg
YOUNG,16672.jpg
YOUNG,3548.jpg
OLD,16985.jpg
OLD,22619.jpg
OLD,274.jpg
OLD,10678.jpg
OLD,16663.jpg
YOUNG,5937.jpg
YOUNG,18286.jpg
YOUNG,11702.jpg
OLD,25952.jpg
OLD,26215.jpg
YOUNG,10012.jpg
YOUNG,18233.jpg
OLD,19978.jpg
YOUNG,11612.jpg
YOUNG,7662.jpg
OLD,13490.jpg
YOUNG,13222.jpg
YOUNG,12766.jpg
MIDDLE,3709.jpg
YOUNG,24849.jpg
YOUNG,14218.jpg
OLD,15765.jpg
OLD,12529.jpg
OLD,32.jpg
YOUNG,1468.jpg
MIDDLE,26217.jpg
YOUNG,3310.jpg
YOUNG,20966.jpg
YOUNG,4877.jpg
YOUNG,10039.jpg
OLD,12191.jpg
YOUNG,11559.jpg
YOUNG,9345.jpg
YOUNG,19967.jpg
YOUNG,7498.jpg
OLD,13585.jpg
YOUNG,6963.jpg
YOUNG,17021.jpg
YOUNG,24739.jpg
OLD,9868.jpg
YOUNG,4486.jpg
OLD,3306.jpg
YOUNG,3834.jpg
YOUNG,22086.jpg
MIDDLE,22218.jpg
YOUNG,15813.jpg
YOUNG,9442.jpg
YOUNG,22209.jpg
YOUNG,5380.jpg
OLD,1229.jpg
YOUNG,4993.jpg
YOUNG,4663.jpg
YOUNG,22778.jpg
YOUNG,15727.jpg
OLD,1047.jpg
YOUNG,19981.jpg
MIDDLE,13492.jpg
OLD,19553.jpg
OLD,7317.jpg
YOUNG,22799.jpg
MIDDLE,4627.jpg
YOUNG,7990.jpg
OLD,25618.jpg
YOUNG,4277.jpg
OLD,11163.jpg
OLD,8505.jpg
MIDDLE,130.jpg
YOUNG,7326.jpg
YOUNG,16765.jpg
YOUNG,17808.jpg
YOUNG,8576.jpg
YOUNG,6197.jpg
OLD,11094.jpg
YOUNG,8419.jpg
YOUNG,9259.jpg
YOUNG,14995.jpg
YOUNG,2674.jpg
OLD,4063.jpg
YOUNG,25698.jpg
MIDDLE,7643.jpg
OLD,3271.jpg
YOUNG,24549.jpg
OLD,17950.jpg
YOUNG,18469.jpg
OLD,21539.jpg
YOUNG,2182.jpg
OLD,20292.jpg
YOUNG,22812.jpg
YOUNG,22691.jpg
YOUNG,23810.jpg
YOUNG,16557.jpg
YOUNG,2219.jpg
YOUNG,12752.jpg
YOUNG,4746.jpg
OLD,4722.jpg
YOUNG,7044.jpg
OLD,9040.jpg
YOUNG,9292.jpg
YOUNG,25742.jpg
OLD,12440.jpg
OLD,7341.jpg
OLD,11643.jpg
YOUNG,24758.jpg
YOUNG,3789.jpg
YOUNG,17699.jpg
OLD,15082.jpg
YOUNG,2252.jpg
YOUNG,23538.jpg
YOUNG,8638.jpg
OLD,6847.jpg
YOUNG,16642.jpg
YOUNG,22794.jpg
MIDDLE,11432.jpg
OLD,3309.jpg
YOUNG,13473.jpg
YOUNG,19101.jpg
YOUNG,15095.jpg
YOUNG,143.jpg
OLD,9010.jpg
YOUNG,21625.jpg
YOUNG,16585.jpg
YOUNG,3442.jpg
MIDDLE,20734.jpg
OLD,24004.jpg
MIDDLE,5196.jpg
OLD,8339.jpg
OLD,14475.jpg
OLD,16766.jpg
YOUNG,6237.jpg
YOUNG,22698.jpg
OLD,10711.jpg
YOUNG,21401.jpg
OLD,26486.jpg
YOUNG,23983.jpg
YOUNG,18048.jpg
OLD,15140.jpg
MIDDLE,12432.jpg
YOUNG,25004.jpg
YOUNG,22645.jpg
OLD,20784.jpg
OLD,12930.jpg
YOUNG,1414.jpg
OLD,20330.jpg
YOUNG,17625.jpg
MIDDLE,1524.jpg
YOUNG,19095.jpg
YOUNG,9387.jpg
YOUNG,19375.jpg
YOUNG,11751.jpg
OLD,7133.jpg
YOUNG,16401.jpg
MIDDLE,19899.jpg
OLD,18540.jpg
YOUNG,14651.jpg
YOUNG,23938.jpg
OLD,8763.jpg
YOUNG,9605.jpg
OLD,4054.jpg
YOUNG,6849.jpg
OLD,5231.jpg
YOUNG,19685.jpg
YOUNG,14777.jpg
OLD,15422.jpg
YOUNG,13322.jpg
YOUNG,7380.jpg
OLD,23275.jpg
YOUNG,13507.jpg
YOUNG,24841.jpg
YOUNG,23281.jpg
YOUNG,5541.jpg
YOUNG,6041.jpg
YOUNG,10304.jpg
MIDDLE,12468.jpg
YOUNG,11116.jpg
OLD,5799.jpg
YOUNG,17620.jpg
YOUNG,3153.jpg
YOUNG,13107.jpg
YOUNG,2501.jpg
YOUNG,20117.jpg
YOUNG,2117.jpg
OLD,18407.jpg
OLD,9791.jpg
YOUNG,21349.jpg
MIDDLE,23232.jpg
MIDDLE,7701.jpg
YOUNG,23388.jpg
YOUNG,25692.jpg
YOUNG,7378.jpg
YOUNG,2816.jpg
YOUNG,6937.jpg
YOUNG,4273.jpg
YOUNG,20487.jpg
OLD,6310.jpg
YOUNG,22278.jpg
MIDDLE,14678.jpg
MIDDLE,1574.jpg
OLD,19694.jpg
MIDDLE,4498.jpg
YOUNG,5958.jpg
YOUNG,18081.jpg
YOUNG,6167.jpg
OLD,15417.jpg
YOUNG,15831.jpg
MIDDLE,16951.jpg
YOUNG,20990.jpg
YOUNG,6384.jpg
YOUNG,9884.jpg
OLD,31.jpg
OLD,15601.jpg
YOUNG,10548.jpg
OLD,14707.jpg
YOUNG,21533.jpg
MIDDLE,6558.jpg
YOUNG,20104.jpg
OLD,5204.jpg
YOUNG,18525.jpg
OLD,15707.jpg
OLD,21662.jpg
MIDDLE,12125.jpg
YOUNG,4376.jpg
YOUNG,14476.jpg
YOUNG,19051.jpg
YOUNG,9173.jpg
MIDDLE,2027.jpg
YOUNG,17201.jpg
YOUNG,994.jpg
YOUNG,24786.jpg
YOUNG,19489.jpg
OLD,23930.jpg
OLD,12539.jpg
YOUNG,9170.jpg
YOUNG,1078.jpg
YOUNG,23192.jpg
OLD,12457.jpg
YOUNG,1828.jpg
YOUNG,4691.jpg
YOUNG,26362.jpg
MIDDLE,17608.jpg
OLD,2457.jpg
YOUNG,10912.jpg
OLD,11170.jpg
YOUNG,5792.jpg
YOUNG,16336.jpg
YOUNG,19599.jpg
OLD,6495.jpg
YOUNG,20231.jpg
MIDDLE,18547.jpg
YOUNG,26500.jpg
OLD,23714.jpg
YOUNG,5070.jpg
YOUNG,16975.jpg
OLD,1128.jpg
YOUNG,19624.jpg
YOUNG,20913.jpg
YOUNG,11608.jpg
YOUNG,18787.jpg
YOUNG,13064.jpg
YOUNG,13795.jpg
OLD,23328.jpg
OLD,24203.jpg
YOUNG,20300.jpg
OLD,6970.jpg
YOUNG,8826.jpg
YOUNG,24142.jpg
YOUNG,6415.jpg
YOUNG,25033.jpg
YOUNG,21183.jpg
YOUNG,5875.jpg
OLD,8495.jpg
MIDDLE,13723.jpg
YOUNG,17910.jpg
YOUNG,16790.jpg
YOUNG,10314.jpg
YOUNG,24963.jpg
OLD,18710.jpg
MIDDLE,213.jpg
OLD,20945.jpg
YOUNG,11688.jpg
OLD,21857.jpg
YOUNG,9981.jpg
YOUNG,23456.jpg
OLD,23448.jpg
MIDDLE,12167.jpg
YOUNG,13238.jpg
OLD,18959.jpg
YOUNG,25978.jpg
YOUNG,2073.jpg
YOUNG,3978.jpg
YOUNG,22498.jpg
YOUNG,17860.jpg
YOUNG,8692.jpg
YOUNG,8595.jpg
OLD,3590.jpg
OLD,21040.jpg
YOUNG,16650.jpg
YOUNG,8911.jpg
YOUNG,24721.jpg
OLD,6573.jpg
YOUNG,5068.jpg
OLD,25064.jpg
OLD,12899.jpg
YOUNG,8787.jpg
YOUNG,10486.jpg
OLD,8049.jpg
OLD,2901.jpg
OLD,11762.jpg
OLD,25328.jpg
OLD,393.jpg
YOUNG,22986.jpg
OLD,14442.jpg
YOUNG,14246.jpg
YOUNG,8099.jpg
YOUNG,11241.jpg
YOUNG,15226.jpg
OLD,3990.jpg
YOUNG,25832.jpg
OLD,14911.jpg
OLD,12893.jpg
YOUNG,8543.jpg
OLD,10397.jpg
OLD,11048.jpg
OLD,7934.jpg
OLD,21843.jpg
OLD,23902.jpg
YOUNG,2351.jpg
YOUNG,25000.jpg
YOUNG,18430.jpg
OLD,14169.jpg
YOUNG,16331.jpg
MIDDLE,14386.jpg
OLD,8708.jpg
OLD,20793.jpg
OLD,14740.jpg
YOUNG,10677.jpg
MIDDLE,12727.jpg
YOUNG,26010.jpg
YOUNG,15132.jpg
MIDDLE,25480.jpg
OLD,14193.jpg
OLD,20286.jpg
OLD,8122.jpg
YOUNG,1637.jpg
OLD,9966.jpg
OLD,6511.jpg
YOUNG,11370.jpg
MIDDLE,4236.jpg
YOUNG,20360.jpg
OLD,22834.jpg
OLD,25325.jpg
OLD,13384.jpg
YOUNG,25588.jpg
YOUNG,12355.jpg
YOUNG,10647.jpg
YOUNG,14410.jpg
OLD,9606.jpg
YOUNG,23267.jpg
OLD,15374.jpg
OLD,10049.jpg
OLD,6833.jpg
YOUNG,1761.jpg
YOUNG,17413.jpg
OLD,24704.jpg
YOUNG,15745.jpg
YOUNG,23663.jpg
YOUNG,2650.jpg
YOUNG,22747.jpg
YOUNG,26370.jpg
YOUNG,6328.jpg
YOUNG,12540.jpg
OLD,12859.jpg
OLD,2000.jpg
OLD,26137.jpg
OLD,14988.jpg
OLD,12158.jpg
MIDDLE,17020.jpg
OLD,21515.jpg
OLD,5586.jpg
MIDDLE,19870.jpg
YOUNG,17005.jpg
YOUNG,7648.jpg
YOUNG,4430.jpg
YOUNG,15577.jpg
OLD,17571.jpg
YOUNG,17300.jpg
YOUNG,16261.jpg
YOUNG,6158.jpg
OLD,10562.jpg
MIDDLE,14946.jpg
OLD,16273.jpg
YOUNG,6996.jpg
YOUNG,25951.jpg
YOUNG,14970.jpg
OLD,364.jpg
OLD,625.jpg
YOUNG,3670.jpg
YOUNG,2583.jpg
MIDDLE,13207.jpg
OLD,9840.jpg
OLD,25014.jpg
MIDDLE,3574.jpg
YOUNG,4817.jpg
OLD,9559.jpg
YOUNG,11460.jpg
OLD,5081.jpg
YOUNG,20419.jpg
OLD,10075.jpg
YOUNG,6916.jpg
YOUNG,11717.jpg
OLD,20389.jpg
YOUNG,24586.jpg
OLD,23002.jpg
YOUNG,12291.jpg
YOUNG,24874.jpg
YOUNG,24752.jpg
OLD,705.jpg
YOUNG,21284.jpg
OLD,8746.jpg
OLD,18706.jpg
YOUNG,4998.jpg
YOUNG,15114.jpg
YOUNG,19986.jpg
OLD,12109.jpg
YOUNG,24958.jpg
YOUNG,2979.jpg
YOUNG,10448.jpg
YOUNG,474.jpg
YOUNG,7832.jpg
OLD,17788.jpg
YOUNG,19428.jpg
YOUNG,1203.jpg
OLD,6358.jpg
OLD,9666.jpg
OLD,9047.jpg
YOUNG,7064.jpg
YOUNG,1781.jpg
OLD,22315.jpg
OLD,8263.jpg
YOUNG,17253.jpg
OLD,16159.jpg
YOUNG,22637.jpg
YOUNG,19229.jpg
YOUNG,15722.jpg
OLD,22482.jpg
OLD,6476.jpg
YOUNG,11624.jpg
MIDDLE,9341.jpg
YOUNG,2523.jpg
OLD,17166.jpg
OLD,24965.jpg
OLD,21217.jpg
OLD,23959.jpg
YOUNG,26114.jpg
OLD,20682.jpg
YOUNG,19822.jpg
OLD,6068.jpg
YOUNG,13096.jpg
YOUNG,14817.jpg
MIDDLE,186.jpg
YOUNG,23772.jpg
YOUNG,22014.jpg
YOUNG,15677.jpg
YOUNG,10256.jpg
OLD,19202.jpg
YOUNG,24531.jpg
YOUNG,21164.jpg
YOUNG,26169.jpg
YOUNG,18612.jpg
OLD,14541.jpg
YOUNG,19347.jpg
YOUNG,13963.jpg
OLD,588.jpg
MIDDLE,5908.jpg
YOUNG,6612.jpg
OLD,1892.jpg
MIDDLE,25446.jpg
YOUNG,10651.jpg
YOUNG,12660.jpg
YOUNG,19519.jpg
YOUNG,4743.jpg
OLD,13040.jpg
YOUNG,11351.jpg
OLD,22885.jpg
OLD,6851.jpg
YOUNG,20595.jpg
YOUNG,8921.jpg
OLD,18126.jpg
OLD,5472.jpg
YOUNG,18414.jpg
OLD,22296.jpg
OLD,16910.jpg
YOUNG,20957.jpg
OLD,16655.jpg
YOUNG,5272.jpg
YOUNG,25146.jpg
YOUNG,8297.jpg
OLD,12237.jpg
OLD,22202.jpg
YOUNG,6061.jpg
YOUNG,766.jpg
YOUNG,22716.jpg
YOUNG,25943.jpg
YOUNG,11029.jpg
OLD,1447.jpg
YOUNG,25936.jpg
YOUNG,23120.jpg
OLD,15202.jpg
YOUNG,12174.jpg
YOUNG,18257.jpg
YOUNG,11590.jpg
YOUNG,5375.jpg
MIDDLE,24138.jpg
YOUNG,6794.jpg
OLD,17401.jpg
YOUNG,16743.jpg
YOUNG,24502.jpg
YOUNG,19655.jpg
YOUNG,23886.jpg
OLD,26498.jpg
YOUNG,24934.jpg
YOUNG,5133.jpg
YOUNG,22540.jpg
YOUNG,7114.jpg
OLD,299.jpg
OLD,3176.jpg
YOUNG,14149.jpg
OLD,11739.jpg
OLD,5815.jpg
OLD,9512.jpg
YOUNG,19333.jpg
YOUNG,6513.jpg
OLD,25184.jpg
MIDDLE,14254.jpg
YOUNG,22657.jpg
YOUNG,8735.jpg
OLD,1226.jpg
OLD,10904.jpg
OLD,744.jpg
YOUNG,13292.jpg
MIDDLE,10010.jpg
OLD,26152.jpg
OLD,2313.jpg
OLD,18777.jpg
OLD,10292.jpg
YOUNG,19117.jpg
YOUNG,10528.jpg
YOUNG,10460.jpg
YOUNG,16780.jpg
OLD,19280.jpg
YOUNG,17219.jpg
OLD,8063.jpg
YOUNG,24253.jpg
YOUNG,8680.jpg
YOUNG,5128.jpg
OLD,23811.jpg
YOUNG,2176.jpg
YOUNG,14507.jpg
YOUNG,22268.jpg
YOUNG,19866.jpg
OLD,16638.jpg
YOUNG,1394.jpg
YOUNG,22464.jpg
YOUNG,4359.jpg
YOUNG,17559.jpg
OLD,550.jpg
YOUNG,19415.jpg
OLD,10223.jpg
OLD,7720.jpg
MIDDLE,16924.jpg
OLD,5836.jpg
MIDDLE,10349.jpg
OLD,16683.jpg
YOUNG,20859.jpg
MIDDLE,25911.jpg
YOUNG,524.jpg
YOUNG,12701.jpg
OLD,21554.jpg
YOUNG,1785.jpg
YOUNG,13074.jpg
OLD,259.jpg
OLD,6144.jpg
YOUNG,1256.jpg
OLD,26061.jpg
YOUNG,4326.jpg
OLD,20522.jpg
MIDDLE,5048.jpg
MIDDLE,24562.jpg
OLD,24462.jpg
YOUNG,20075.jpg
YOUNG,15719.jpg
YOUNG,9648.jpg
OLD,7217.jpg
YOUNG,6742.jpg
YOUNG,11660.jpg
OLD,6402.jpg
YOUNG,563.jpg
YOUNG,15973.jpg
YOUNG,15580.jpg
MIDDLE,4145.jpg
YOUNG,18068.jpg
YOUNG,12173.jpg
OLD,19468.jpg
OLD,24700.jpg
OLD,10688.jpg
YOUNG,6782.jpg
YOUNG,15974.jpg
YOUNG,15136.jpg
YOUNG,26036.jpg
MIDDLE,321.jpg
OLD,15458.jpg
YOUNG,24716.jpg
YOUNG,24227.jpg
OLD,3762.jpg
YOUNG,23651.jpg
YOUNG,1196.jpg
YOUNG,22793.jpg
YOUNG,22654.jpg
YOUNG,1993.jpg
MIDDLE,14234.jpg
OLD,10565.jpg
YOUNG,22394.jpg
YOUNG,2954.jpg
YOUNG,25131.jpg
YOUNG,15824.jpg
YOUNG,22154.jpg
YOUNG,2596.jpg
YOUNG,5668.jpg
MIDDLE,11816.jpg
YOUNG,1369.jpg
YOUNG,23014.jpg
OLD,4223.jpg
OLD,9031.jpg
OLD,15345.jpg
OLD,10083.jpg
YOUNG,10519.jpg
OLD,17643.jpg
YOUNG,25057.jpg
YOUNG,18439.jpg
MIDDLE,570.jpg
YOUNG,3851.jpg
MIDDLE,11531.jpg
YOUNG,22270.jpg
OLD,21224.jpg
YOUNG,2756.jpg
YOUNG,22404.jpg
OLD,7088.jpg
YOUNG,7245.jpg
YOUNG,16738.jpg
OLD,24495.jpg
YOUNG,4585.jpg
YOUNG,11269.jpg
YOUNG,22493.jpg
YOUNG,6391.jpg
MIDDLE,8025.jpg
YOUNG,14134.jpg
YOUNG,2874.jpg
OLD,17572.jpg
OLD,24426.jpg
OLD,718.jpg
OLD,4394.jpg
YOUNG,18442.jpg
YOUNG,19080.jpg
YOUNG,11746.jpg
YOUNG,17971.jpg
YOUNG,22059.jpg
YOUNG,7149.jpg
OLD,16094.jpg
OLD,6318.jpg
YOUNG,17879.jpg
YOUNG,6369.jpg
YOUNG,3603.jpg
OLD,18324.jpg
OLD,18270.jpg
OLD,15614.jpg
YOUNG,21338.jpg
YOUNG,25682.jpg
YOUNG,8186.jpg
MIDDLE,22072.jpg
YOUNG,20805.jpg
YOUNG,4852.jpg
YOUNG,24703.jpg
OLD,17580.jpg
OLD,17914.jpg
YOUNG,4629.jpg
YOUNG,3345.jpg
OLD,24592.jpg
OLD,19824.jpg
YOUNG,18995.jpg
YOUNG,1138.jpg
OLD,20483.jpg
YOUNG,26197.jpg
YOUNG,18489.jpg
YOUNG,6737.jpg
OLD,18216.jpg
OLD,3587.jpg
YOUNG,5234.jpg
YOUNG,1480.jpg
OLD,16150.jpg
OLD,17536.jpg
YOUNG,140.jpg
OLD,7282.jpg
OLD,11140.jpg
YOUNG,11653.jpg
OLD,9317.jpg
YOUNG,17978.jpg
YOUNG,20914.jpg
YOUNG,8612.jpg
MIDDLE,24606.jpg
MIDDLE,11112.jpg
OLD,19148.jpg
OLD,15307.jpg
YOUNG,19038.jpg
YOUNG,6255.jpg
OLD,4837.jpg
YOUNG,11507.jpg
YOUNG,16482.jpg
YOUNG,5395.jpg
OLD,16537.jpg
OLD,24007.jpg
YOUNG,14931.jpg
OLD,16220.jpg
YOUNG,6627.jpg
YOUNG,11951.jpg
YOUNG,9885.jpg
OLD,11872.jpg
YOUNG,20191.jpg
YOUNG,16582.jpg
YOUNG,7865.jpg
YOUNG,4600.jpg
OLD,5355.jpg
YOUNG,25906.jpg
YOUNG,10074.jpg
OLD,19595.jpg
OLD,21880.jpg
YOUNG,8616.jpg
OLD,16979.jpg
YOUNG,25944.jpg
OLD,19481.jpg
YOUNG,23347.jpg
OLD,10778.jpg
YOUNG,12903.jpg
YOUNG,26213.jpg
YOUNG,23045.jpg
YOUNG,13544.jpg
YOUNG,10856.jpg
YOUNG,10024.jpg
YOUNG,15168.jpg
OLD,11382.jpg
YOUNG,5122.jpg
OLD,8026.jpg
YOUNG,19555.jpg
MIDDLE,11222.jpg
YOUNG,8040.jpg
OLD,5697.jpg
YOUNG,22518.jpg
MIDDLE,6940.jpg
MIDDLE,14241.jpg
MIDDLE,25152.jpg
YOUNG,20512.jpg
YOUNG,1470.jpg
OLD,17821.jpg
MIDDLE,11784.jpg
YOUNG,23957.jpg
YOUNG,18744.jpg
YOUNG,11179.jpg
YOUNG,11383.jpg
OLD,3354.jpg
YOUNG,33.jpg
OLD,25821.jpg
YOUNG,11030.jpg
YOUNG,8580.jpg
YOUNG,10364.jpg
OLD,15030.jpg
MIDDLE,6621.jpg
OLD,16953.jpg
MIDDLE,22891.jpg
YOUNG,3547.jpg
YOUNG,3635.jpg
OLD,5080.jpg
YOUNG,24712.jpg
YOUNG,25183.jpg
YOUNG,24860.jpg
YOUNG,3217.jpg
OLD,1356.jpg
YOUNG,12369.jpg
YOUNG,21012.jpg
YOUNG,13394.jpg
YOUNG,12789.jpg
OLD,9399.jpg
OLD,15424.jpg
YOUNG,7132.jpg
OLD,11622.jpg
OLD,1337.jpg
YOUNG,17317.jpg
OLD,12975.jpg
OLD,8646.jpg
YOUNG,3083.jpg
MIDDLE,506.jpg
YOUNG,18085.jpg
YOUNG,5633.jpg
YOUNG,18209.jpg
YOUNG,5052.jpg
YOUNG,14178.jpg
OLD,6703.jpg
OLD,13385.jpg
YOUNG,3238.jpg
MIDDLE,9540.jpg
YOUNG,9152.jpg
YOUNG,6401.jpg
OLD,21457.jpg
OLD,14110.jpg
YOUNG,135.jpg
YOUNG,17278.jpg
OLD,2519.jpg
YOUNG,1090.jpg
YOUNG,23673.jpg
OLD,22607.jpg
YOUNG,19621.jpg
YOUNG,20405.jpg
YOUNG,5130.jpg
YOUNG,22742.jpg
MIDDLE,13240.jpg
YOUNG,1245.jpg
YOUNG,19932.jpg
YOUNG,18824.jpg
OLD,4614.jpg
MIDDLE,15857.jpg
OLD,19551.jpg
OLD,6468.jpg
YOUNG,21749.jpg
MIDDLE,22358.jpg
YOUNG,15171.jpg
OLD,14649.jpg
OLD,20160.jpg
YOUNG,7651.jpg
YOUNG,16747.jpg
YOUNG,3935.jpg
YOUNG,7716.jpg
YOUNG,8506.jpg
OLD,24014.jpg
YOUNG,22245.jpg
YOUNG,12465.jpg
MIDDLE,26335.jpg
OLD,11621.jpg
YOUNG,9449.jpg
YOUNG,25308.jpg
OLD,25132.jpg
OLD,17829.jpg
MIDDLE,21452.jpg
OLD,6450.jpg
OLD,20494.jpg
OLD,197.jpg
YOUNG,23560.jpg
YOUNG,13315.jpg
YOUNG,11634.jpg
YOUNG,2946.jpg
OLD,16107.jpg
YOUNG,24794.jpg
YOUNG,1205.jpg
YOUNG,9222.jpg
YOUNG,24873.jpg
YOUNG,25938.jpg
OLD,21383.jpg
MIDDLE,16392.jpg
YOUNG,19950.jpg
MIDDLE,9431.jpg
YOUNG,22470.jpg
YOUNG,3651.jpg
OLD,13279.jpg
OLD,19045.jpg
YOUNG,17416.jpg
YOUNG,16102.jpg
YOUNG,11466.jpg
OLD,3434.jpg
YOUNG,15177.jpg
YOUNG,19424.jpg
OLD,25317.jpg
OLD,15671.jpg
MIDDLE,18981.jpg
YOUNG,21997.jpg
OLD,21271.jpg
OLD,2524.jpg
YOUNG,16511.jpg
YOUNG,4284.jpg
OLD,8758.jpg
YOUNG,22425.jpg
OLD,14872.jpg
YOUNG,17798.jpg
OLD,9464.jpg
YOUNG,16245.jpg
YOUNG,5091.jpg
YOUNG,1894.jpg
YOUNG,9662.jpg
YOUNG,12659.jpg
MIDDLE,1979.jpg
MIDDLE,17466.jpg
YOUNG,16270.jpg
YOUNG,6188.jpg
OLD,2626.jpg
YOUNG,8266.jpg
YOUNG,23918.jpg
YOUNG,2702.jpg
OLD,20274.jpg
OLD,19788.jpg
OLD,15369.jpg
YOUNG,7815.jpg
YOUNG,4252.jpg
YOUNG,13975.jpg
MIDDLE,9409.jpg
YOUNG,18916.jpg
YOUNG,24329.jpg
OLD,9461.jpg
OLD,669.jpg
OLD,23087.jpg
YOUNG,1465.jpg
OLD,20843.jpg
OLD,13003.jpg
YOUNG,13506.jpg
YOUNG,23371.jpg
MIDDLE,25403.jpg
MIDDLE,613.jpg
YOUNG,1150.jpg
OLD,6301.jpg
YOUNG,15877.jpg
YOUNG,18347.jpg
YOUNG,6875.jpg
YOUNG,5610.jpg
OLD,4233.jpg
OLD,10298.jpg
YOUNG,1153.jpg
YOUNG,20008.jpg
YOUNG,22116.jpg
OLD,11306.jpg
YOUNG,16002.jpg
OLD,20973.jpg
YOUNG,21041.jpg
YOUNG,8350.jpg
OLD,5216.jpg
YOUNG,13386.jpg
MIDDLE,830.jpg
OLD,23776.jpg
YOUNG,13851.jpg
YOUNG,12405.jpg
OLD,16437.jpg
YOUNG,22558.jpg
OLD,24388.jpg
YOUNG,16354.jpg
YOUNG,9699.jpg
OLD,19188.jpg
YOUNG,8169.jpg
YOUNG,1546.jpg
YOUNG,23113.jpg
YOUNG,25095.jpg
OLD,3680.jpg
YOUNG,21081.jpg
OLD,16239.jpg
YOUNG,25621.jpg
YOUNG,20832.jpg
OLD,7269.jpg
YOUNG,11692.jpg
OLD,21978.jpg
YOUNG,1916.jpg
OLD,255.jpg
YOUNG,12559.jpg
YOUNG,2869.jpg
YOUNG,24154.jpg
OLD,19285.jpg
YOUNG,25896.jpg
YOUNG,4077.jpg
YOUNG,17153.jpg
YOUNG,20354.jpg
OLD,21726.jpg
YOUNG,18943.jpg
YOUNG,13304.jpg
MIDDLE,5029.jpg
YOUNG,13959.jpg
YOUNG,22610.jpg
YOUNG,3586.jpg
YOUNG,4155.jpg
YOUNG,24476.jpg
OLD,4921.jpg
OLD,18919.jpg
OLD,6146.jpg
OLD,9392.jpg
YOUNG,1481.jpg
OLD,11596.jpg
YOUNG,19426.jpg
OLD,25312.jpg
OLD,19114.jpg
YOUNG,1381.jpg
YOUNG,20896.jpg
YOUNG,25970.jpg
YOUNG,260.jpg
MIDDLE,24400.jpg
OLD,22665.jpg
YOUNG,25751.jpg
YOUNG,10681.jpg
YOUNG,429.jpg
YOUNG,23018.jpg
YOUNG,16106.jpg
YOUNG,18196.jpg
YOUNG,25050.jpg
YOUNG,629.jpg
OLD,22892.jpg
OLD,18177.jpg
MIDDLE,5341.jpg
YOUNG,26384.jpg
OLD,23294.jpg
OLD,16077.jpg
YOUNG,21326.jpg
OLD,26487.jpg
YOUNG,1845.jpg
YOUNG,2411.jpg
YOUNG,12117.jpg
OLD,21179.jpg
YOUNG,12220.jpg
YOUNG,6323.jpg
YOUNG,17764.jpg
OLD,9936.jpg
YOUNG,2955.jpg
OLD,4301.jpg
YOUNG,13283.jpg
MIDDLE,13042.jpg
MIDDLE,15712.jpg
YOUNG,13532.jpg
YOUNG,21208.jpg
MIDDLE,2054.jpg
OLD,12366.jpg
YOUNG,21790.jpg
YOUNG,26398.jpg
YOUNG,5268.jpg
YOUNG,22552.jpg
YOUNG,8533.jpg
OLD,18195.jpg
MIDDLE,11550.jpg
OLD,25159.jpg
YOUNG,4396.jpg
OLD,24347.jpg
YOUNG,23932.jpg
MIDDLE,13707.jpg
YOUNG,16758.jpg
YOUNG,20858.jpg
MIDDLE,18985.jpg
YOUNG,10850.jpg
OLD,8417.jpg
YOUNG,20383.jpg
OLD,16123.jpg
OLD,17837.jpg
YOUNG,949.jpg
OLD,26297.jpg
YOUNG,13539.jpg
YOUNG,6616.jpg
YOUNG,9528.jpg
OLD,23246.jpg
YOUNG,20634.jpg
OLD,25636.jpg
YOUNG,5107.jpg
YOUNG,20248.jpg
YOUNG,17800.jpg
YOUNG,5514.jpg
OLD,8981.jpg
YOUNG,3523.jpg
YOUNG,21303.jpg
YOUNG,18725.jpg
YOUNG,25492.jpg
YOUNG,15187.jpg
OLD,8956.jpg
YOUNG,24282.jpg
OLD,12926.jpg
OLD,19864.jpg
OLD,11954.jpg
OLD,12919.jpg
OLD,20775.jpg
YOUNG,14906.jpg
YOUNG,15510.jpg
YOUNG,7550.jpg
OLD,11654.jpg
YOUNG,18034.jpg
MIDDLE,9685.jpg
YOUNG,6864.jpg
MIDDLE,24992.jpg
YOUNG,25611.jpg
YOUNG,8408.jpg
YOUNG,19255.jpg
YOUNG,2142.jpg
YOUNG,9751.jpg
OLD,3620.jpg
OLD,10679.jpg
YOUNG,1857.jpg
YOUNG,14191.jpg
YOUNG,19815.jpg
YOUNG,13662.jpg
OLD,19182.jpg
YOUNG,7490.jpg
YOUNG,6510.jpg
YOUNG,20258.jpg
YOUNG,8769.jpg
OLD,16955.jpg
YOUNG,13211.jpg
OLD,16556.jpg
YOUNG,5075.jpg
YOUNG,20386.jpg
OLD,24948.jpg
OLD,7059.jpg
OLD,3744.jpg
YOUNG,3581.jpg
YOUNG,428.jpg
OLD,24749.jpg
OLD,2982.jpg
OLD,10162.jpg
MIDDLE,17306.jpg
OLD,3567.jpg
OLD,3604.jpg
OLD,11120.jpg
YOUNG,18236.jpg
YOUNG,6128.jpg
YOUNG,14377.jpg
YOUNG,2470.jpg
OLD,4317.jpg
YOUNG,5011.jpg
YOUNG,8023.jpg
OLD,10244.jpg
YOUNG,6801.jpg
YOUNG,637.jpg
MIDDLE,13670.jpg
MIDDLE,17086.jpg
YOUNG,5588.jpg
YOUNG,10773.jpg
OLD,20079.jpg
YOUNG,10890.jpg
YOUNG,14841.jpg
OLD,25696.jpg
YOUNG,23987.jpg
MIDDLE,6890.jpg
MIDDLE,16294.jpg
YOUNG,7543.jpg
OLD,20340.jpg
YOUNG,15098.jpg
OLD,23567.jpg
YOUNG,14790.jpg
OLD,18627.jpg
YOUNG,7011.jpg
YOUNG,3362.jpg
YOUNG,6002.jpg
OLD,304.jpg
YOUNG,13720.jpg
MIDDLE,14712.jpg
MIDDLE,12017.jpg
OLD,14758.jpg
OLD,21865.jpg
OLD,15135.jpg
OLD,10392.jpg
OLD,2845.jpg
OLD,24803.jpg
YOUNG,6576.jpg
OLD,15534.jpg
OLD,12310.jpg
YOUNG,9828.jpg
YOUNG,1991.jpg
MIDDLE,6243.jpg
YOUNG,7102.jpg
YOUNG,15354.jpg
YOUNG,6780.jpg
YOUNG,576.jpg
OLD,26113.jpg
MIDDLE,17370.jpg
YOUNG,12007.jpg
YOUNG,8461.jpg
YOUNG,10005.jpg
YOUNG,14081.jpg
YOUNG,11809.jpg
OLD,19050.jpg
YOUNG,20808.jpg
YOUNG,3685.jpg
YOUNG,17838.jpg
MIDDLE,11844.jpg
YOUNG,7351.jpg
OLD,6014.jpg
YOUNG,14380.jpg
YOUNG,22684.jpg
OLD,17214.jpg
YOUNG,6441.jpg
OLD,2284.jpg
OLD,15803.jpg
MIDDLE,12458.jpg
OLD,1305.jpg
OLD,23795.jpg
YOUNG,10924.jpg
YOUNG,12347.jpg
YOUNG,16149.jpg
YOUNG,7737.jpg
OLD,9628.jpg
YOUNG,23249.jpg
YOUNG,3479.jpg
YOUNG,2857.jpg
YOUNG,10446.jpg
OLD,16864.jpg
OLD,15675.jpg
OLD,23007.jpg
YOUNG,9060.jpg
YOUNG,7477.jpg
YOUNG,11061.jpg
YOUNG,11942.jpg
YOUNG,25543.jpg
YOUNG,19998.jpg
YOUNG,17636.jpg
YOUNG,6453.jpg
YOUNG,16139.jpg
YOUNG,1502.jpg
YOUNG,2803.jpg
YOUNG,6228.jpg
OLD,3544.jpg
OLD,14544.jpg
YOUNG,24811.jpg
OLD,21405.jpg
YOUNG,6584.jpg
YOUNG,26110.jpg
MIDDLE,3725.jpg
OLD,3251.jpg
MIDDLE,21652.jpg
OLD,13669.jpg
YOUNG,9020.jpg
OLD,24928.jpg
OLD,18553.jpg
OLD,3495.jpg
YOUNG,19774.jpg
YOUNG,13471.jpg
OLD,8827.jpg
YOUNG,13608.jpg
OLD,1519.jpg
YOUNG,12733.jpg
OLD,2727.jpg
YOUNG,6165.jpg
MIDDLE,8696.jpg
YOUNG,14747.jpg
OLD,9039.jpg
YOUNG,1094.jpg
YOUNG,8038.jpg
MIDDLE,13126.jpg
OLD,4377.jpg
YOUNG,12916.jpg
YOUNG,17585.jpg
MIDDLE,4439.jpg
YOUNG,23840.jpg
YOUNG,11103.jpg
OLD,14114.jpg
OLD,759.jpg
OLD,21800.jpg
YOUNG,10148.jpg
OLD,20285.jpg
YOUNG,14586.jpg
OLD,13525.jpg
OLD,24399.jpg
YOUNG,6189.jpg
YOUNG,24824.jpg
OLD,14126.jpg
YOUNG,22766.jpg
YOUNG,4183.jpg
OLD,16480.jpg
MIDDLE,10106.jpg
MIDDLE,4792.jpg
YOUNG,12959.jpg
YOUNG,8394.jpg
YOUNG,12715.jpg
YOUNG,15948.jpg
OLD,15012.jpg
OLD,3841.jpg
OLD,25864.jpg
YOUNG,12250.jpg
MIDDLE,9684.jpg
YOUNG,3423.jpg
OLD,1220.jpg
MIDDLE,15442.jpg
YOUNG,4854.jpg
YOUNG,20572.jpg
MIDDLE,12623.jpg
YOUNG,3668.jpg
OLD,16901.jpg
YOUNG,18127.jpg
YOUNG,21606.jpg
YOUNG,19212.jpg
YOUNG,8044.jpg
OLD,2536.jpg
YOUNG,23600.jpg
YOUNG,7818.jpg
OLD,17681.jpg
YOUNG,10710.jpg
MIDDLE,13937.jpg
OLD,7325.jpg
YOUNG,13132.jpg
OLD,10873.jpg
YOUNG,6483.jpg
OLD,13425.jpg
YOUNG,15394.jpg
YOUNG,17904.jpg
YOUNG,8100.jpg
OLD,10006.jpg
OLD,21526.jpg
YOUNG,3009.jpg
YOUNG,9313.jpg
OLD,1390.jpg
OLD,15341.jpg
OLD,17727.jpg
YOUNG,23544.jpg
YOUNG,997.jpg
MIDDLE,22875.jpg
YOUNG,9402.jpg
YOUNG,12678.jpg
YOUNG,8830.jpg
YOUNG,1664.jpg
YOUNG,11109.jpg
OLD,15806.jpg
OLD,1183.jpg
YOUNG,3691.jpg
YOUNG,22878.jpg
OLD,12793.jpg
YOUNG,6907.jpg
OLD,15478.jpg
YOUNG,26201.jpg
OLD,25445.jpg
YOUNG,23043.jpg
OLD,10128.jpg
OLD,22401.jpg
OLD,25992.jpg
YOUNG,4525.jpg
YOUNG,10798.jpg
MIDDLE,14120.jpg
YOUNG,1779.jpg
YOUNG,19972.jpg
OLD,21538.jpg
YOUNG,8308.jpg
YOUNG,26537.jpg
OLD,9205.jpg
OLD,14639.jpg
YOUNG,14729.jpg
YOUNG,18102.jpg
YOUNG,20478.jpg
MIDDLE,9619.jpg
MIDDLE,6838.jpg
YOUNG,13138.jpg
YOUNG,18693.jpg
YOUNG,24620.jpg
MIDDLE,10909.jpg
YOUNG,16129.jpg
YOUNG,12470.jpg
YOUNG,14584.jpg
YOUNG,1029.jpg
YOUNG,6599.jpg
OLD,8234.jpg
YOUNG,21619.jpg
YOUNG,20035.jpg
OLD,19630.jpg
YOUNG,17132.jpg
OLD,18397.jpg
OLD,26153.jpg
MIDDLE,8937.jpg
OLD,1132.jpg
YOUNG,1391.jpg
YOUNG,3002.jpg
YOUNG,10694.jpg
YOUNG,7992.jpg
YOUNG,16925.jpg
OLD,14356.jpg
YOUNG,24593.jpg
MIDDLE,23057.jpg
OLD,4074.jpg
OLD,19279.jpg
YOUNG,22548.jpg
OLD,9575.jpg
MIDDLE,2110.jpg
YOUNG,9469.jpg
YOUNG,20582.jpg
OLD,26283.jpg
YOUNG,15812.jpg
YOUNG,10369.jpg
YOUNG,12207.jpg
YOUNG,7384.jpg
YOUNG,565.jpg
OLD,20022.jpg
YOUNG,17733.jpg
OLD,5631.jpg
YOUNG,8258.jpg
YOUNG,10895.jpg
OLD,2560.jpg
OLD,17342.jpg
OLD,9348.jpg
YOUNG,11178.jpg
OLD,8103.jpg
OLD,959.jpg
OLD,1430.jpg
YOUNG,1605.jpg
YOUNG,1251.jpg
YOUNG,12883.jpg
YOUNG,2292.jpg
YOUNG,26278.jpg
YOUNG,12036.jpg
YOUNG,25005.jpg
MIDDLE,1184.jpg
YOUNG,1712.jpg
YOUNG,5912.jpg
OLD,24466.jpg
OLD,14652.jpg
MIDDLE,17474.jpg
YOUNG,18638.jpg
OLD,18945.jpg
OLD,8928.jpg
YOUNG,14945.jpg
YOUNG,8983.jpg
YOUNG,16274.jpg
OLD,20929.jpg
YOUNG,17124.jpg
YOUNG,20822.jpg
YOUNG,253.jpg
YOUNG,6171.jpg
MIDDLE,4696.jpg
OLD,13139.jpg
YOUNG,14066.jpg
YOUNG,25320.jpg
OLD,4926.jpg
YOUNG,18076.jpg
OLD,24322.jpg
YOUNG,6331.jpg
YOUNG,19492.jpg
YOUNG,110.jpg
OLD,7970.jpg
OLD,3832.jpg
MIDDLE,6477.jpg
YOUNG,5597.jpg
OLD,20711.jpg
YOUNG,17463.jpg
OLD,10958.jpg
YOUNG,17969.jpg
OLD,10716.jpg
YOUNG,14503.jpg
YOUNG,18219.jpg
YOUNG,14464.jpg
OLD,7680.jpg
MIDDLE,2486.jpg
YOUNG,12936.jpg
OLD,17236.jpg
YOUNG,2241.jpg
YOUNG,23181.jpg
YOUNG,6669.jpg
YOUNG,2103.jpg
YOUNG,18163.jpg
YOUNG,7763.jpg
OLD,366.jpg
OLD,18267.jpg
YOUNG,23368.jpg
OLD,24128.jpg
OLD,25301.jpg
OLD,9423.jpg
YOUNG,11539.jpg
MIDDLE,8338.jpg
YOUNG,670.jpg
YOUNG,6161.jpg
YOUNG,1833.jpg
MIDDLE,2464.jpg
OLD,10746.jpg
YOUNG,4920.jpg
YOUNG,24032.jpg
YOUNG,14444.jpg
YOUNG,17698.jpg
YOUNG,26540.jpg
OLD,24313.jpg
OLD,17927.jpg
YOUNG,3773.jpg
OLD,19228.jpg
YOUNG,21955.jpg
OLD,1321.jpg
YOUNG,13858.jpg
YOUNG,18241.jpg
YOUNG,8518.jpg
OLD,11144.jpg
OLD,22235.jpg
YOUNG,25884.jpg
MIDDLE,15654.jpg
MIDDLE,15564.jpg
YOUNG,18955.jpg
YOUNG,11491.jpg
YOUNG,12202.jpg
OLD,6236.jpg
OLD,6407.jpg
YOUNG,9870.jpg
MIDDLE,19817.jpg
OLD,17179.jpg
OLD,12606.jpg
YOUNG,6959.jpg
OLD,22362.jpg
OLD,26440.jpg
OLD,8000.jpg
MIDDLE,22042.jpg
YOUNG,22216.jpg
YOUNG,11414.jpg
YOUNG,3447.jpg
MIDDLE,6920.jpg
OLD,24218.jpg
YOUNG,9756.jpg
YOUNG,12189.jpg
OLD,15603.jpg
MIDDLE,22643.jpg
OLD,13782.jpg
YOUNG,7225.jpg
YOUNG,14813.jpg
MIDDLE,23748.jpg
YOUNG,14667.jpg
YOUNG,4626.jpg
YOUNG,10462.jpg
YOUNG,14934.jpg
OLD,21898.jpg
OLD,9116.jpg
YOUNG,15684.jpg
YOUNG,19926.jpg
MIDDLE,22375.jpg
YOUNG,21432.jpg
YOUNG,21280.jpg
OLD,25502.jpg
OLD,10367.jpg
YOUNG,22444.jpg
YOUNG,18909.jpg
MIDDLE,13048.jpg
YOUNG,16966.jpg
OLD,8275.jpg
OLD,1616.jpg
OLD,17504.jpg
YOUNG,24991.jpg
MIDDLE,19206.jpg
YOUNG,8551.jpg
YOUNG,1992.jpg
YOUNG,7219.jpg
YOUNG,8255.jpg
MIDDLE,1550.jpg
YOUNG,4243.jpg
YOUNG,698.jpg
YOUNG,15576.jpg
YOUNG,7902.jpg
YOUNG,14174.jpg
YOUNG,22399.jpg
OLD,24797.jpg
YOUNG,18691.jpg
YOUNG,12439.jpg
YOUNG,9440.jpg
YOUNG,14106.jpg
YOUNG,4508.jpg
YOUNG,24355.jpg
OLD,17479.jpg
YOUNG,21193.jpg
OLD,4765.jpg
OLD,11008.jpg
YOUNG,22163.jpg
OLD,22264.jpg
OLD,17569.jpg
YOUNG,14744.jpg
OLD,24460.jpg
YOUNG,1227.jpg
YOUNG,22888.jpg
YOUNG,6436.jpg
YOUNG,22756.jpg
YOUNG,22026.jpg
OLD,8626.jpg
YOUNG,17460.jpg
YOUNG,1626.jpg
OLD,6927.jpg
YOUNG,21553.jpg
OLD,13513.jpg
OLD,6985.jpg
YOUNG,22461.jpg
YOUNG,15994.jpg
YOUNG,2322.jpg
OLD,8473.jpg
YOUNG,12874.jpg
OLD,4006.jpg
YOUNG,7557.jpg
YOUNG,4075.jpg
OLD,15672.jpg
YOUNG,25967.jpg
YOUNG,6160.jpg
OLD,9246.jpg
YOUNG,11720.jpg
YOUNG,14207.jpg
MIDDLE,11282.jpg
YOUNG,26084.jpg
YOUNG,23162.jpg
OLD,26167.jpg
OLD,332.jpg
YOUNG,21739.jpg
OLD,9769.jpg
OLD,25964.jpg
YOUNG,12945.jpg
MIDDLE,4485.jpg
YOUNG,25872.jpg
YOUNG,20848.jpg
MIDDLE,19484.jpg
OLD,12634.jpg
MIDDLE,12003.jpg
OLD,15241.jpg
YOUNG,13905.jpg
YOUNG,2639.jpg
MIDDLE,1538.jpg
OLD,5112.jpg
OLD,4431.jpg
MIDDLE,5005.jpg
YOUNG,23272.jpg
OLD,10857.jpg
YOUNG,3803.jpg
MIDDLE,4365.jpg
OLD,3010.jpg
OLD,25009.jpg
YOUNG,9634.jpg
OLD,16902.jpg
YOUNG,19930.jpg
OLD,20018.jpg
YOUNG,16917.jpg
OLD,14165.jpg
OLD,13340.jpg
YOUNG,7705.jpg
YOUNG,23745.jpg
YOUNG,293.jpg
YOUNG,8071.jpg
OLD,14921.jpg
MIDDLE,6815.jpg
OLD,25391.jpg
OLD,234.jpg
MIDDLE,9204.jpg
OLD,12297.jpg
OLD,25646.jpg
YOUNG,18273.jpg
YOUNG,9456.jpg
YOUNG,11704.jpg
YOUNG,3318.jpg
YOUNG,10234.jpg
MIDDLE,10090.jpg
OLD,17929.jpg
YOUNG,11894.jpg
YOUNG,21610.jpg
YOUNG,3376.jpg
OLD,22592.jpg
OLD,21617.jpg
OLD,8906.jpg
YOUNG,12350.jpg
OLD,5400.jpg
YOUNG,15965.jpg
YOUNG,7451.jpg
YOUNG,4741.jpg
OLD,7363.jpg
YOUNG,2769.jpg
YOUNG,10297.jpg
OLD,13025.jpg
YOUNG,2399.jpg
YOUNG,4989.jpg
MIDDLE,2669.jpg
YOUNG,23512.jpg
YOUNG,6921.jpg
YOUNG,23923.jpg
YOUNG,14733.jpg
MIDDLE,19536.jpg
OLD,25587.jpg
YOUNG,9823.jpg
YOUNG,1436.jpg
YOUNG,14844.jpg
YOUNG,15694.jpg
YOUNG,21707.jpg
YOUNG,2047.jpg
YOUNG,3045.jpg
OLD,1125.jpg
MIDDLE,7528.jpg
OLD,8118.jpg
MIDDLE,17865.jpg
YOUNG,4940.jpg
OLD,4406.jpg
OLD,6632.jpg
YOUNG,20863.jpg
YOUNG,20756.jpg
OLD,9370.jpg
YOUNG,19245.jpg
MIDDLE,12726.jpg
YOUNG,16418.jpg
YOUNG,23024.jpg
OLD,22496.jpg
YOUNG,11013.jpg
YOUNG,21735.jpg
MIDDLE,2575.jpg
YOUNG,18146.jpg
OLD,25243.jpg
YOUNG,10129.jpg
OLD,16819.jpg
YOUNG,1826.jpg
YOUNG,20801.jpg
OLD,3971.jpg
OLD,15605.jpg
OLD,17477.jpg
YOUNG,24897.jpg
YOUNG,26050.jpg
MIDDLE,11085.jpg
YOUNG,3478.jpg
YOUNG,13565.jpg
OLD,5134.jpg
OLD,25886.jpg
YOUNG,19669.jpg
MIDDLE,8910.jpg
MIDDLE,1926.jpg
YOUNG,2493.jpg
OLD,25241.jpg
OLD,9360.jpg
OLD,6324.jpg
YOUNG,15301.jpg
YOUNG,10638.jpg
OLD,2610.jpg
YOUNG,12843.jpg
OLD,3550.jpg
YOUNG,13432.jpg
YOUNG,22403.jpg
YOUNG,3115.jpg
YOUNG,8501.jpg
OLD,22053.jpg
YOUNG,15188.jpg
OLD,4880.jpg
OLD,10163.jpg
YOUNG,1667.jpg
YOUNG,13108.jpg
YOUNG,3838.jpg
OLD,18189.jpg
YOUNG,9706.jpg
OLD,720.jpg
YOUNG,3561.jpg
YOUNG,5726.jpg
YOUNG,24270.jpg
YOUNG,8471.jpg
OLD,3265.jpg
OLD,21125.jpg
OLD,15585.jpg
OLD,10227.jpg
OLD,23179.jpg
YOUNG,10066.jpg
MIDDLE,18726.jpg
OLD,165.jpg
YOUNG,15882.jpg
YOUNG,3889.jpg
YOUNG,12772.jpg
YOUNG,20396.jpg
YOUNG,25286.jpg
YOUNG,24422.jpg
MIDDLE,23814.jpg
YOUNG,1698.jpg
YOUNG,8179.jpg
OLD,4955.jpg
YOUNG,20201.jpg
YOUNG,23310.jpg
YOUNG,11551.jpg
OLD,12561.jpg
YOUNG,12952.jpg
YOUNG,14512.jpg
YOUNG,19403.jpg
OLD,8178.jpg
YOUNG,2191.jpg
OLD,18872.jpg
MIDDLE,21116.jpg
YOUNG,18644.jpg
OLD,19829.jpg
YOUNG,11325.jpg
YOUNG,21496.jpg
OLD,14104.jpg
YOUNG,24366.jpg
YOUNG,14085.jpg
YOUNG,25314.jpg
YOUNG,24131.jpg
YOUNG,16937.jpg
OLD,23667.jpg
YOUNG,5153.jpg
YOUNG,14217.jpg
YOUNG,18433.jpg
YOUNG,18460.jpg
YOUNG,17893.jpg
YOUNG,23973.jpg
MIDDLE,4343.jpg
OLD,2329.jpg
YOUNG,23406.jpg
YOUNG,10986.jpg
OLD,1517.jpg
MIDDLE,13924.jpg
YOUNG,25030.jpg
OLD,480.jpg
YOUNG,5739.jpg
OLD,23091.jpg
OLD,8030.jpg
OLD,26264.jpg
OLD,24307.jpg
YOUNG,20692.jpg
OLD,7109.jpg
YOUNG,817.jpg
YOUNG,23393.jpg
YOUNG,8747.jpg
YOUNG,24977.jpg
YOUNG,11058.jpg
OLD,4932.jpg
YOUNG,24381.jpg
YOUNG,9965.jpg
YOUNG,25247.jpg
YOUNG,3778.jpg
OLD,8778.jpg
YOUNG,5603.jpg
YOUNG,23098.jpg
MIDDLE,2019.jpg
YOUNG,632.jpg
OLD,13327.jpg
YOUNG,7197.jpg
YOUNG,24164.jpg
OLD,22777.jpg
YOUNG,6091.jpg
OLD,21663.jpg
OLD,22979.jpg
YOUNG,8667.jpg
YOUNG,15850.jpg
YOUNG,12565.jpg
YOUNG,10883.jpg
YOUNG,10350.jpg
OLD,4964.jpg
YOUNG,24486.jpg
YOUNG,21291.jpg
MIDDLE,5418.jpg
YOUNG,5667.jpg
MIDDLE,6999.jpg
YOUNG,20089.jpg
OLD,1704.jpg
YOUNG,24672.jpg
OLD,15768.jpg
YOUNG,4760.jpg
MIDDLE,6934.jpg
YOUNG,17833.jpg
MIDDLE,21168.jpg
OLD,8285.jpg
OLD,4071.jpg
YOUNG,8303.jpg
MIDDLE,9813.jpg
MIDDLE,19304.jpg
MIDDLE,2799.jpg
OLD,3843.jpg
YOUNG,7516.jpg
YOUNG,6680.jpg
YOUNG,8876.jpg
OLD,9298.jpg
YOUNG,18122.jpg
OLD,26023.jpg
OLD,4457.jpg
YOUNG,25207.jpg
OLD,25281.jpg
OLD,17264.jpg
YOUNG,4905.jpg
YOUNG,22387.jpg
OLD,21051.jpg
OLD,13503.jpg
YOUNG,8944.jpg
YOUNG,10032.jpg
YOUNG,15410.jpg
YOUNG,16298.jpg
MIDDLE,10136.jpg
OLD,12535.jpg
YOUNG,6452.jpg
YOUNG,3962.jpg
OLD,17046.jpg
OLD,25440.jpg
YOUNG,25238.jpg
YOUNG,8890.jpg
YOUNG,9077.jpg
OLD,10382.jpg
YOUNG,21194.jpg
YOUNG,4543.jpg
YOUNG,3359.jpg
YOUNG,12999.jpg
OLD,21933.jpg
MIDDLE,22917.jpg
YOUNG,16441.jpg
YOUNG,11874.jpg
YOUNG,19471.jpg
YOUNG,631.jpg
YOUNG,20159.jpg
YOUNG,17776.jpg
OLD,23426.jpg
OLD,401.jpg
MIDDLE,15923.jpg
YOUNG,911.jpg
OLD,18545.jpg
YOUNG,12215.jpg
YOUNG,22648.jpg
YOUNG,20706.jpg
YOUNG,26032.jpg
YOUNG,11215.jpg
YOUNG,11618.jpg
OLD,15732.jpg
MIDDLE,13894.jpg
YOUNG,19793.jpg
YOUNG,13069.jpg
YOUNG,21413.jpg
YOUNG,13734.jpg
OLD,26104.jpg
OLD,4040.jpg
YOUNG,4547.jpg
MIDDLE,25248.jpg
OLD,17458.jpg
YOUNG,22476.jpg
YOUNG,82.jpg
YOUNG,16828.jpg
YOUNG,11196.jpg
OLD,3875.jpg
YOUNG,5913.jpg
OLD,8846.jpg
OLD,5388.jpg
YOUNG,20978.jpg
YOUNG,13479.jpg
YOUNG,13518.jpg
YOUNG,24793.jpg
YOUNG,25377.jpg
OLD,25089.jpg
OLD,6101.jpg
OLD,1309.jpg
OLD,14190.jpg
YOUNG,20353.jpg
MIDDLE,16215.jpg
YOUNG,10020.jpg
YOUNG,8909.jpg
YOUNG,9979.jpg
OLD,10029.jpg
YOUNG,17013.jpg
MIDDLE,1569.jpg
YOUNG,16484.jpg
OLD,22758.jpg
YOUNG,18487.jpg
YOUNG,20474.jpg
YOUNG,8971.jpg
OLD,7264.jpg
YOUNG,18074.jpg
YOUNG,16243.jpg
YOUNG,25144.jpg
YOUNG,21671.jpg
OLD,8490.jpg
MIDDLE,24603.jpg
OLD,5532.jpg
YOUNG,25966.jpg
YOUNG,16085.jpg
YOUNG,23437.jpg
YOUNG,658.jpg
YOUNG,1023.jpg
YOUNG,18227.jpg
YOUNG,170.jpg
YOUNG,8348.jpg
YOUNG,14439.jpg
YOUNG,10927.jpg
YOUNG,10401.jpg
OLD,924.jpg
YOUNG,8051.jpg
YOUNG,9602.jpg
OLD,15887.jpg
YOUNG,753.jpg
OLD,5484.jpg
OLD,25032.jpg
MIDDLE,12633.jpg
YOUNG,897.jpg
OLD,9103.jpg
YOUNG,10218.jpg
YOUNG,19272.jpg
YOUNG,19040.jpg
YOUNG,11143.jpg
YOUNG,18926.jpg
OLD,10614.jpg
OLD,10977.jpg
OLD,25103.jpg
MIDDLE,11317.jpg
OLD,3287.jpg
OLD,4436.jpg
OLD,11628.jpg
YOUNG,6881.jpg
YOUNG,24820.jpg
MIDDLE,8744.jpg
YOUNG,24281.jpg
YOUNG,12705.jpg
OLD,3531.jpg
YOUNG,2381.jpg
OLD,295.jpg
OLD,5581.jpg
YOUNG,551.jpg
YOUNG,19610.jpg
OLD,14677.jpg
OLD,15513.jpg
MIDDLE,10893.jpg
YOUNG,6738.jpg
YOUNG,26046.jpg
OLD,23450.jpg
YOUNG,9649.jpg
YOUNG,9778.jpg
YOUNG,8808.jpg
OLD,20498.jpg
YOUNG,14.jpg
YOUNG,23852.jpg
YOUNG,3983.jpg
YOUNG,26428.jpg
YOUNG,17639.jpg
YOUNG,21645.jpg
YOUNG,19604.jpg
OLD,23625.jpg
YOUNG,24052.jpg
OLD,3917.jpg
OLD,5095.jpg
YOUNG,16464.jpg
YOUNG,19820.jpg
OLD,4995.jpg
YOUNG,13788.jpg
YOUNG,5481.jpg
OLD,10356.jpg
OLD,3869.jpg
OLD,6981.jpg
YOUNG,6677.jpg
YOUNG,5945.jpg
OLD,19764.jpg
YOUNG,24401.jpg
OLD,24600.jpg
YOUNG,10611.jpg
OLD,14266.jpg
OLD,16958.jpg
YOUNG,3036.jpg
OLD,24842.jpg
YOUNG,12981.jpg
OLD,25866.jpg
YOUNG,7444.jpg
YOUNG,25925.jpg
OLD,7780.jpg
MIDDLE,19431.jpg
YOUNG,25143.jpg
YOUNG,2750.jpg
OLD,17718.jpg
YOUNG,18880.jpg
YOUNG,11733.jpg
YOUNG,21678.jpg
YOUNG,21601.jpg
YOUNG,2494.jpg
OLD,22112.jpg
YOUNG,2990.jpg
YOUNG,626.jpg
OLD,1589.jpg
MIDDLE,13168.jpg
YOUNG,18031.jpg
OLD,14239.jpg
YOUNG,11591.jpg
OLD,25128.jpg
YOUNG,21649.jpg
OLD,9294.jpg
YOUNG,2908.jpg
YOUNG,10332.jpg
MIDDLE,3689.jpg
YOUNG,18265.jpg
YOUNG,25708.jpg
YOUNG,19874.jpg
OLD,24519.jpg
MIDDLE,20234.jpg
MIDDLE,22460.jpg
YOUNG,7538.jpg
YOUNG,9441.jpg
OLD,14504.jpg
YOUNG,24647.jpg
YOUNG,23251.jpg
YOUNG,21500.jpg
YOUNG,9847.jpg
YOUNG,13008.jpg
YOUNG,11517.jpg
YOUNG,14583.jpg
YOUNG,17803.jpg
YOUNG,20193.jpg
YOUNG,3684.jpg
YOUNG,16837.jpg
OLD,21998.jpg
YOUNG,15108.jpg
MIDDLE,5357.jpg
YOUNG,26045.jpg
YOUNG,5962.jpg
YOUNG,13621.jpg
OLD,7296.jpg
YOUNG,24561.jpg
YOUNG,5445.jpg
OLD,5092.jpg
YOUNG,22320.jpg
YOUNG,23494.jpg
YOUNG,20414.jpg
OLD,23737.jpg
OLD,10542.jpg
MIDDLE,11304.jpg
YOUNG,20529.jpg
YOUNG,18083.jpg
OLD,8550.jpg
YOUNG,1295.jpg
YOUNG,10002.jpg
OLD,10624.jpg
YOUNG,1504.jpg
OLD,13926.jpg
YOUNG,9762.jpg
YOUNG,8979.jpg
YOUNG,8392.jpg
YOUNG,4939.jpg
YOUNG,19477.jpg
YOUNG,5503.jpg
YOUNG,5099.jpg
YOUNG,1197.jpg
MIDDLE,19905.jpg
MIDDLE,14502.jpg
YOUNG,4813.jpg
YOUNG,19538.jpg
YOUNG,13809.jpg
YOUNG,20854.jpg
YOUNG,15449.jpg
MIDDLE,25182.jpg
OLD,19970.jpg
YOUNG,13595.jpg
YOUNG,16832.jpg
OLD,968.jpg
YOUNG,2353.jpg
YOUNG,14196.jpg
YOUNG,12249.jpg
OLD,622.jpg
OLD,6962.jpg
YOUNG,2378.jpg
YOUNG,7668.jpg
OLD,26477.jpg
YOUNG,22707.jpg
MIDDLE,4551.jpg
OLD,9063.jpg
MIDDLE,24438.jpg
YOUNG,12511.jpg
OLD,2685.jpg
OLD,21572.jpg
YOUNG,14347.jpg
OLD,16244.jpg
YOUNG,25051.jpg
YOUNG,315.jpg
YOUNG,7757.jpg
YOUNG,20950.jpg
MIDDLE,15036.jpg
YOUNG,15738.jpg
YOUNG,466.jpg
YOUNG,25945.jpg
YOUNG,21204.jpg
OLD,297.jpg
YOUNG,17979.jpg
OLD,10353.jpg
MIDDLE,19911.jpg
YOUNG,24305.jpg
YOUNG,1179.jpg
YOUNG,11167.jpg
YOUNG,25690.jpg
OLD,3163.jpg
MIDDLE,22911.jpg
YOUNG,5894.jpg
YOUNG,25199.jpg
YOUNG,12044.jpg
YOUNG,18437.jpg
YOUNG,18826.jpg
YOUNG,9213.jpg
YOUNG,2369.jpg
YOUNG,17809.jpg
MIDDLE,11980.jpg
YOUNG,12266.jpg
OLD,23148.jpg
YOUNG,14636.jpg
YOUNG,15916.jpg
YOUNG,1274.jpg
OLD,20625.jpg
OLD,21343.jpg
OLD,16806.jpg
YOUNG,18035.jpg
YOUNG,25487.jpg
YOUNG,14496.jpg
OLD,25386.jpg
YOUNG,23844.jpg
YOUNG,3652.jpg
YOUNG,13085.jpg
OLD,3699.jpg
OLD,15976.jpg
OLD,3382.jpg
OLD,7770.jpg
MIDDLE,17377.jpg
YOUNG,19030.jpg
YOUNG,9115.jpg
YOUNG,7803.jpg
YOUNG,1199.jpg
YOUNG,26499.jpg
YOUNG,12679.jpg
YOUNG,19722.jpg
OLD,26321.jpg
YOUNG,21776.jpg
OLD,21503.jpg
YOUNG,26434.jpg
YOUNG,18240.jpg
YOUNG,21498.jpg
OLD,15250.jpg
MIDDLE,19704.jpg
YOUNG,20037.jpg
OLD,21375.jpg
OLD,20924.jpg
YOUNG,9466.jpg
YOUNG,6840.jpg
MIDDLE,20633.jpg
YOUNG,9232.jpg
YOUNG,16338.jpg
OLD,10354.jpg
YOUNG,14823.jpg
YOUNG,16838.jpg
OLD,2360.jpg
YOUNG,3469.jpg
YOUNG,8204.jpg
YOUNG,7834.jpg
YOUNG,22120.jpg
YOUNG,13645.jpg
OLD,17666.jpg
MIDDLE,26154.jpg
OLD,10774.jpg
OLD,14941.jpg
MIDDLE,25822.jpg
YOUNG,10601.jpg
YOUNG,4952.jpg
YOUNG,13682.jpg
YOUNG,24983.jpg
OLD,23611.jpg
YOUNG,6839.jpg
YOUNG,11989.jpg
OLD,3166.jpg
YOUNG,929.jpg
YOUNG,7414.jpg
OLD,17876.jpg
YOUNG,1561.jpg
OLD,9703.jpg
YOUNG,14515.jpg
YOUNG,5482.jpg
YOUNG,19855.jpg
YOUNG,23357.jpg
OLD,7115.jpg
YOUNG,2254.jpg
MIDDLE,23540.jpg
YOUNG,15065.jpg
YOUNG,9297.jpg
YOUNG,24341.jpg
MIDDLE,25225.jpg
MIDDLE,22022.jpg
YOUNG,7288.jpg
YOUNG,4863.jpg
YOUNG,20897.jpg
YOUNG,21506.jpg
YOUNG,1380.jpg
YOUNG,12915.jpg
OLD,1044.jpg
YOUNG,13095.jpg
OLD,15773.jpg
YOUNG,25379.jpg
YOUNG,1316.jpg
MIDDLE,14101.jpg
OLD,2603.jpg
YOUNG,24734.jpg
OLD,4649.jpg
OLD,13589.jpg
YOUNG,14863.jpg
OLD,1236.jpg
OLD,19395.jpg
YOUNG,13112.jpg
YOUNG,9779.jpg
YOUNG,21175.jpg
OLD,17782.jpg
OLD,25532.jpg
YOUNG,8378.jpg
YOUNG,21127.jpg
YOUNG,10772.jpg
YOUNG,3714.jpg
OLD,13901.jpg
MIDDLE,5524.jpg
YOUNG,14308.jpg
YOUNG,19097.jpg
YOUNG,2431.jpg
OLD,8300.jpg
YOUNG,4666.jpg
OLD,5865.jpg
OLD,17359.jpg
OLD,20707.jpg
YOUNG,6686.jpg
OLD,8142.jpg
YOUNG,20710.jpg
OLD,774.jpg
YOUNG,14891.jpg
YOUNG,5571.jpg
OLD,21832.jpg
YOUNG,9383.jpg
YOUNG,24755.jpg
OLD,13189.jpg
YOUNG,2580.jpg
YOUNG,19534.jpg
OLD,20581.jpg
YOUNG,13242.jpg
YOUNG,18353.jpg
YOUNG,5193.jpg
MIDDLE,24310.jpg
OLD,16325.jpg
YOUNG,21146.jpg
YOUNG,19995.jpg
OLD,4824.jpg
MIDDLE,13477.jpg
OLD,5832.jpg
OLD,4882.jpg
YOUNG,20672.jpg
YOUNG,10567.jpg
YOUNG,24274.jpg
YOUNG,10312.jpg
YOUNG,20607.jpg
YOUNG,14394.jpg
OLD,1567.jpg
YOUNG,9106.jpg
MIDDLE,17526.jpg
OLD,26048.jpg
MIDDLE,19683.jpg
YOUNG,15583.jpg
YOUNG,9498.jpg
YOUNG,1464.jpg
YOUNG,18294.jpg
OLD,12704.jpg
YOUNG,22804.jpg
YOUNG,5747.jpg
OLD,16954.jpg
YOUNG,26414.jpg
MIDDLE,18481.jpg
OLD,17812.jpg
YOUNG,10827.jpg
YOUNG,11975.jpg
OLD,20310.jpg
OLD,23950.jpg
YOUNG,5555.jpg
YOUNG,4187.jpg
OLD,2506.jpg
YOUNG,3936.jpg
YOUNG,18966.jpg
OLD,6624.jpg
OLD,17424.jpg
OLD,16080.jpg
OLD,8176.jpg
OLD,15195.jpg
YOUNG,22656.jpg
OLD,8459.jpg
YOUNG,12462.jpg
YOUNG,20901.jpg
OLD,17858.jpg
MIDDLE,6379.jpg
YOUNG,4106.jpg
YOUNG,24244.jpg
OLD,20869.jpg
YOUNG,4235.jpg
YOUNG,12022.jpg
MIDDLE,21350.jpg
YOUNG,16594.jpg
OLD,9083.jpg
YOUNG,936.jpg
YOUNG,12415.jpg
YOUNG,5917.jpg
OLD,20919.jpg
YOUNG,3026.jpg
YOUNG,4980.jpg
YOUNG,8741.jpg
OLD,21213.jpg
YOUNG,24240.jpg
YOUNG,22195.jpg
MIDDLE,19302.jpg
OLD,15825.jpg
YOUNG,22869.jpg
YOUNG,23175.jpg
OLD,25564.jpg
YOUNG,11247.jpg
YOUNG,5706.jpg
YOUNG,19193.jpg
YOUNG,18623.jpg
MIDDLE,19332.jpg
YOUNG,24321.jpg
YOUNG,20743.jpg
YOUNG,12099.jpg
YOUNG,24664.jpg
OLD,15073.jpg
YOUNG,10339.jpg
OLD,19217.jpg
YOUNG,10627.jpg
OLD,2426.jpg
YOUNG,20679.jpg
YOUNG,14453.jpg
YOUNG,21098.jpg
OLD,10744.jpg
YOUNG,20038.jpg
OLD,15443.jpg
YOUNG,9680.jpg
OLD,12194.jpg
OLD,12718.jpg
OLD,3768.jpg
YOUNG,20171.jpg
OLD,13599.jpg
YOUNG,5766.jpg
YOUNG,22780.jpg
YOUNG,24913.jpg
YOUNG,3038.jpg
YOUNG,10589.jpg
OLD,26493.jpg
OLD,4655.jpg
YOUNG,18769.jpg
YOUNG,20245.jpg
YOUNG,1523.jpg
OLD,19977.jpg
YOUNG,5816.jpg
OLD,5279.jpg
YOUNG,4349.jpg
OLD,6714.jpg
MIDDLE,18692.jpg
OLD,5225.jpg
YOUNG,10154.jpg
YOUNG,8719.jpg
YOUNG,21173.jpg
OLD,20287.jpg
YOUNG,3037.jpg
YOUNG,2876.jpg
YOUNG,22725.jpg
OLD,19154.jpg
OLD,3443.jpg
YOUNG,23455.jpg
YOUNG,113.jpg
YOUNG,17789.jpg
OLD,270.jpg
YOUNG,22661.jpg
YOUNG,9418.jpg
MIDDLE,10781.jpg
YOUNG,26248.jpg
OLD,23762.jpg
OLD,4542.jpg
YOUNG,6785.jpg
MIDDLE,2997.jpg
YOUNG,25374.jpg
MIDDLE,10306.jpg
OLD,2836.jpg
YOUNG,13533.jpg
YOUNG,17635.jpg
YOUNG,15566.jpg
YOUNG,12272.jpg
OLD,8022.jpg
YOUNG,5969.jpg
YOUNG,5465.jpg
YOUNG,8895.jpg
YOUNG,7608.jpg
OLD,13566.jpg
YOUNG,1963.jpg
YOUNG,9633.jpg
OLD,16195.jpg
MIDDLE,14243.jpg
OLD,6728.jpg
OLD,10158.jpg
YOUNG,6485.jpg
OLD,1181.jpg
YOUNG,2090.jpg
YOUNG,8278.jpg
YOUNG,21255.jpg
YOUNG,10102.jpg
YOUNG,666.jpg
OLD,4521.jpg
YOUNG,24056.jpg
OLD,25842.jpg
OLD,619.jpg
OLD,21263.jpg
YOUNG,758.jpg
OLD,16555.jpg
OLD,23374.jpg
YOUNG,14152.jpg
MIDDLE,11481.jpg
OLD,5775.jpg
YOUNG,7233.jpg
OLD,21238.jpg
MIDDLE,19053.jpg
OLD,10943.jpg
OLD,20506.jpg
YOUNG,19146.jpg
YOUNG,1225.jpg
OLD,10669.jpg
OLD,23486.jpg
OLD,2456.jpg
YOUNG,2885.jpg
YOUNG,17352.jpg
YOUNG,12146.jpg
YOUNG,25816.jpg
YOUNG,25008.jpg
YOUNG,12138.jpg
YOUNG,19539.jpg
YOUNG,19557.jpg
YOUNG,6349.jpg
YOUNG,6810.jpg
OLD,4584.jpg
OLD,23366.jpg
YOUNG,6264.jpg
OLD,7871.jpg
YOUNG,20568.jpg
OLD,23419.jpg
YOUNG,25894.jpg
MIDDLE,21409.jpg
MIDDLE,21697.jpg
YOUNG,22354.jpg
OLD,1429.jpg
OLD,5965.jpg
MIDDLE,13170.jpg
OLD,10290.jpg
OLD,11396.jpg
OLD,22826.jpg
OLD,4674.jpg
YOUNG,23053.jpg
YOUNG,15784.jpg
YOUNG,2824.jpg
YOUNG,19039.jpg
YOUNG,741.jpg
YOUNG,11727.jpg
MIDDLE,5919.jpg
YOUNG,5458.jpg
YOUNG,9237.jpg
YOUNG,5168.jpg
YOUNG,7591.jpg
OLD,19562.jpg
OLD,10072.jpg
OLD,14728.jpg
OLD,15953.jpg
OLD,13647.jpg
YOUNG,25256.jpg
OLD,139.jpg
YOUNG,25744.jpg
YOUNG,11044.jpg
OLD,25037.jpg
MIDDLE,411.jpg
YOUNG,743.jpg
YOUNG,18551.jpg
YOUNG,13066.jpg
YOUNG,4624.jpg
YOUNG,16644.jpg
YOUNG,14358.jpg
YOUNG,19592.jpg
YOUNG,13808.jpg
YOUNG,18829.jpg
OLD,13730.jpg
YOUNG,16947.jpg
YOUNG,19454.jpg
YOUNG,6040.jpg
YOUNG,2258.jpg
OLD,6678.jpg
OLD,4461.jpg
MIDDLE,5505.jpg
YOUNG,12866.jpg
YOUNG,5654.jpg
MIDDLE,14252.jpg
YOUNG,23131.jpg
OLD,7924.jpg
YOUNG,24163.jpg
YOUNG,8968.jpg
YOUNG,21895.jpg
YOUNG,3467.jpg
YOUNG,5311.jpg
YOUNG,2398.jpg
OLD,10037.jpg
MIDDLE,19514.jpg
OLD,7137.jpg
OLD,8294.jpg
MIDDLE,25120.jpg
MIDDLE,12969.jpg
YOUNG,914.jpg
YOUNG,16843.jpg
YOUNG,20575.jpg
YOUNG,2927.jpg
YOUNG,14898.jpg
YOUNG,280.jpg
YOUNG,9084.jpg
YOUNG,20971.jpg
OLD,5561.jpg
MIDDLE,25422.jpg
YOUNG,2453.jpg
OLD,12313.jpg
YOUNG,18951.jpg
OLD,14467.jpg
OLD,20717.jpg
YOUNG,25109.jpg
MIDDLE,12904.jpg
YOUNG,5617.jpg
OLD,18791.jpg
OLD,19441.jpg
YOUNG,20951.jpg
OLD,11581.jpg
YOUNG,9021.jpg
YOUNG,6113.jpg
YOUNG,18133.jpg
OLD,12477.jpg
OLD,13435.jpg
YOUNG,13765.jpg
YOUNG,25613.jpg
OLD,17827.jpg
YOUNG,20448.jpg
YOUNG,1188.jpg
YOUNG,18025.jpg
YOUNG,12542.jpg
OLD,7564.jpg
YOUNG,21624.jpg
YOUNG,16034.jpg
YOUNG,2318.jpg
YOUNG,11742.jpg
OLD,10003.jpg
YOUNG,24194.jpg
OLD,4975.jpg
YOUNG,20592.jpg
YOUNG,1296.jpg
OLD,25931.jpg
YOUNG,1952.jpg
OLD,8922.jpg
YOUNG,8209.jpg
YOUNG,16086.jpg
YOUNG,10394.jpg
YOUNG,15184.jpg
YOUNG,4574.jpg
YOUNG,2698.jpg
YOUNG,18147.jpg
OLD,2995.jpg
OLD,1576.jpg
YOUNG,1899.jpg
YOUNG,711.jpg
OLD,12921.jpg
YOUNG,9390.jpg
OLD,10370.jpg
YOUNG,4605.jpg
YOUNG,20774.jpg
YOUNG,3337.jpg
YOUNG,6502.jpg
MIDDLE,4493.jpg
MIDDLE,3844.jpg
OLD,2789.jpg
OLD,24017.jpg
MIDDLE,19237.jpg
YOUNG,1562.jpg
OLD,11916.jpg
YOUNG,19979.jpg
OLD,20480.jpg
YOUNG,18940.jpg
YOUNG,196.jpg
YOUNG,25237.jpg
OLD,5267.jpg
OLD,10307.jpg
OLD,4646.jpg
YOUNG,20939.jpg
YOUNG,19414.jpg
YOUNG,19593.jpg
OLD,8222.jpg
OLD,12048.jpg
YOUNG,23218.jpg
YOUNG,19207.jpg
YOUNG,13974.jpg
YOUNG,3904.jpg
YOUNG,12501.jpg
YOUNG,6258.jpg
YOUNG,16304.jpg
OLD,20317.jpg
YOUNG,20579.jpg
YOUNG,9305.jpg
YOUNG,5834.jpg
YOUNG,15805.jpg
YOUNG,25079.jpg
OLD,3700.jpg
YOUNG,11862.jpg
OLD,5682.jpg
OLD,25812.jpg
YOUNG,19075.jpg
YOUNG,7409.jpg
OLD,12700.jpg
YOUNG,25883.jpg
OLD,26005.jpg
OLD,7248.jpg
OLD,19893.jpg
YOUNG,16942.jpg
YOUNG,1450.jpg
MIDDLE,24536.jpg
YOUNG,1719.jpg
YOUNG,22956.jpg
YOUNG,17555.jpg
YOUNG,12102.jpg
YOUNG,16589.jpg
YOUNG,26230.jpg
OLD,10347.jpg
YOUNG,26069.jpg
YOUNG,4130.jpg
OLD,13343.jpg
YOUNG,19753.jpg
YOUNG,16405.jpg
YOUNG,22008.jpg
MIDDLE,13606.jpg
YOUNG,22082.jpg
OLD,9172.jpg
YOUNG,11296.jpg
OLD,17646.jpg
YOUNG,9716.jpg
OLD,21290.jpg
OLD,5696.jpg
YOUNG,4113.jpg
YOUNG,12507.jpg
YOUNG,22400.jpg
YOUNG,1639.jpg
OLD,16742.jpg
YOUNG,13440.jpg
OLD,12192.jpg
YOUNG,14480.jpg
YOUNG,19747.jpg
OLD,16212.jpg
YOUNG,1775.jpg
YOUNG,17864.jpg
YOUNG,21009.jpg
YOUNG,26380.jpg
YOUNG,17050.jpg
YOUNG,18677.jpg
OLD,9279.jpg
OLD,5753.jpg
YOUNG,19865.jpg
OLD,2175.jpg
OLD,18853.jpg
OLD,16237.jpg
MIDDLE,12494.jpg
YOUNG,21595.jpg
OLD,1314.jpg
MIDDLE,23928.jpg
YOUNG,3975.jpg
YOUNG,10295.jpg
OLD,9623.jpg
MIDDLE,26093.jpg
OLD,20413.jpg
YOUNG,11497.jpg
MIDDLE,9913.jpg
OLD,15334.jpg
OLD,19259.jpg
OLD,2859.jpg
OLD,26496.jpg
OLD,10633.jpg
OLD,1272.jpg
MIDDLE,14189.jpg
YOUNG,21446.jpg
YOUNG,1654.jpg
YOUNG,18022.jpg
YOUNG,3079.jpg
OLD,12226.jpg
OLD,3893.jpg
OLD,18963.jpg
YOUNG,14357.jpg
YOUNG,7084.jpg
OLD,22860.jpg
MIDDLE,12832.jpg
YOUNG,1804.jpg
OLD,19250.jpg
YOUNG,26435.jpg
MIDDLE,2737.jpg
YOUNG,11075.jpg
YOUNG,20464.jpg
YOUNG,16976.jpg
YOUNG,15909.jpg
OLD,199.jpg
OLD,15017.jpg
YOUNG,10208.jpg
YOUNG,1177.jpg
OLD,15299.jpg
OLD,10337.jpg
MIDDLE,1924.jpg
YOUNG,2734.jpg
YOUNG,13650.jpg
OLD,20890.jpg
OLD,19699.jpg
OLD,16613.jpg
YOUNG,24544.jpg
YOUNG,4428.jpg
YOUNG,23445.jpg
YOUNG,12514.jpg
OLD,17989.jpg
YOUNG,20235.jpg
OLD,12963.jpg
YOUNG,5568.jpg
YOUNG,26134.jpg
YOUNG,15907.jpg
MIDDLE,10930.jpg
YOUNG,2143.jpg
YOUNG,6866.jpg
YOUNG,5595.jpg
MIDDLE,21929.jpg
OLD,17069.jpg
MIDDLE,11187.jpg
OLD,24884.jpg
YOUNG,19385.jpg
YOUNG,23678.jpg
OLD,6386.jpg
OLD,18953.jpg
YOUNG,12596.jpg
YOUNG,6.jpg
YOUNG,13004.jpg
YOUNG,3743.jpg
OLD,1189.jpg
YOUNG,5916.jpg
YOUNG,8782.jpg
YOUNG,17101.jpg
MIDDLE,24981.jpg
OLD,3500.jpg
OLD,12424.jpg
OLD,24525.jpg
YOUNG,16121.jpg
YOUNG,6315.jpg
YOUNG,12380.jpg
YOUNG,3197.jpg
OLD,12990.jpg
YOUNG,3969.jpg
OLD,7933.jpg
MIDDLE,21896.jpg
YOUNG,25486.jpg
OLD,3853.jpg
YOUNG,20591.jpg
YOUNG,3270.jpg
YOUNG,4653.jpg
YOUNG,7328.jpg
MIDDLE,15139.jpg
YOUNG,21120.jpg
OLD,2204.jpg
MIDDLE,14754.jpg
YOUNG,24852.jpg
YOUNG,11400.jpg
YOUNG,17994.jpg
MIDDLE,25765.jpg
YOUNG,1980.jpg
YOUNG,18684.jpg
YOUNG,12764.jpg
MIDDLE,10054.jpg
OLD,6778.jpg
OLD,22634.jpg
YOUNG,8336.jpg
MIDDLE,11408.jpg
YOUNG,2975.jpg
YOUNG,11759.jpg
MIDDLE,25799.jpg
MIDDLE,20373.jpg
YOUNG,22819.jpg
YOUNG,18521.jpg
YOUNG,12096.jpg
OLD,9841.jpg
YOUNG,12169.jpg
YOUNG,6299.jpg
OLD,18290.jpg
YOUNG,21261.jpg
YOUNG,16977.jpg
MIDDLE,23874.jpg
OLD,3741.jpg
OLD,14670.jpg
YOUNG,20379.jpg
OLD,2591.jpg
OLD,23433.jpg
YOUNG,24457.jpg
YOUNG,2930.jpg
OLD,1665.jpg
YOUNG,9308.jpg
YOUNG,20247.jpg
YOUNG,20860.jpg
YOUNG,25721.jpg
YOUNG,18641.jpg
OLD,16827.jpg
MIDDLE,17330.jpg
OLD,9862.jpg
OLD,10608.jpg
YOUNG,21015.jpg
OLD,13063.jpg
YOUNG,21378.jpg
OLD,14884.jpg
YOUNG,24902.jpg
MIDDLE,24119.jpg
MIDDLE,16210.jpg
YOUNG,5000.jpg
OLD,14664.jpg
YOUNG,3024.jpg
YOUNG,20771.jpg
YOUNG,8987.jpg
YOUNG,6210.jpg
YOUNG,25638.jpg
YOUNG,12039.jpg
OLD,802.jpg
OLD,25517.jpg
YOUNG,3151.jpg
OLD,24327.jpg
YOUNG,14574.jpg
OLD,276.jpg
OLD,18905.jpg
YOUNG,18550.jpg
YOUNG,16084.jpg
YOUNG,15167.jpg
YOUNG,6185.jpg
YOUNG,15924.jpg
YOUNG,14774.jpg
OLD,8720.jpg
MIDDLE,6768.jpg
MIDDLE,20266.jpg
MIDDLE,17656.jpg
YOUNG,5831.jpg
YOUNG,4180.jpg
YOUNG,14531.jpg
YOUNG,15656.jpg
YOUNG,2330.jpg
YOUNG,4156.jpg
YOUNG,9379.jpg
YOUNG,16.jpg
YOUNG,8948.jpg
MIDDLE,16775.jpg
YOUNG,19399.jpg
YOUNG,15026.jpg
YOUNG,23081.jpg
MIDDLE,1827.jpg
YOUNG,26383.jpg
YOUNG,23599.jpg
YOUNG,11791.jpg
YOUNG,990.jpg
YOUNG,9481.jpg
OLD,19510.jpg
YOUNG,5598.jpg
MIDDLE,1672.jpg
MIDDLE,25298.jpg
OLD,5543.jpg
OLD,15607.jpg
YOUNG,8372.jpg
YOUNG,22695.jpg
OLD,21804.jpg
YOUNG,23553.jpg
OLD,17977.jpg
OLD,14576.jpg
YOUNG,812.jpg
YOUNG,18908.jpg
YOUNG,3706.jpg
OLD,10022.jpg
OLD,25072.jpg
YOUNG,19767.jpg
YOUNG,5051.jpg
OLD,16083.jpg
OLD,20270.jpg
YOUNG,281.jpg
YOUNG,10410.jpg
MIDDLE,3232.jpg
MIDDLE,15815.jpg
YOUNG,5154.jpg
YOUNG,8851.jpg
YOUNG,25608.jpg
OLD,22206.jpg
OLD,734.jpg
YOUNG,11080.jpg
YOUNG,16736.jpg
OLD,22952.jpg
OLD,15668.jpg
OLD,7894.jpg
MIDDLE,9193.jpg
OLD,5109.jpg
OLD,21456.jpg
YOUNG,14201.jpg
OLD,2312.jpg
MIDDLE,18476.jpg
MIDDLE,18377.jpg
YOUNG,10064.jpg
YOUNG,16841.jpg
OLD,6570.jpg
YOUNG,25395.jpg
OLD,7512.jpg
OLD,17528.jpg
YOUNG,6705.jpg
YOUNG,18763.jpg
YOUNG,1024.jpg
MIDDLE,1280.jpg
YOUNG,11584.jpg
YOUNG,12089.jpg
YOUNG,24580.jpg
YOUNG,18647.jpg
YOUNG,25038.jpg
YOUNG,12924.jpg
YOUNG,8364.jpg
OLD,17217.jpg
OLD,4146.jpg
YOUNG,9807.jpg
OLD,23114.jpg
OLD,927.jpg
YOUNG,22307.jpg
OLD,6372.jpg
YOUNG,14781.jpg
YOUNG,684.jpg
YOUNG,2965.jpg
OLD,4546.jpg
YOUNG,528.jpg
MIDDLE,5702.jpg
YOUNG,12087.jpg
YOUNG,12327.jpg
YOUNG,8870.jpg
YOUNG,23471.jpg
YOUNG,22060.jpg
YOUNG,1718.jpg
YOUNG,4961.jpg
YOUNG,14016.jpg
YOUNG,12794.jpg
OLD,18599.jpg
OLD,13753.jpg
YOUNG,11845.jpg
OLD,20610.jpg
YOUNG,12956.jpg
OLD,4752.jpg
OLD,24706.jpg
OLD,24565.jpg
YOUNG,25829.jpg
YOUNG,13656.jpg
YOUNG,9127.jpg
OLD,6493.jpg
MIDDLE,4200.jpg
YOUNG,23621.jpg
MIDDLE,14008.jpg
MIDDLE,6390.jpg
YOUNG,22833.jpg
YOUNG,17154.jpg
YOUNG,2304.jpg
YOUNG,18208.jpg
YOUNG,6488.jpg
OLD,1797.jpg
YOUNG,13014.jpg
YOUNG,8029.jpg
YOUNG,24847.jpg
OLD,8931.jpg
YOUNG,26502.jpg
YOUNG,8843.jpg
YOUNG,14998.jpg
YOUNG,21234.jpg
OLD,22029.jpg
YOUNG,19682.jpg
YOUNG,24800.jpg
YOUNG,13547.jpg
YOUNG,20216.jpg
MIDDLE,17347.jpg
YOUNG,20233.jpg
YOUNG,8695.jpg
YOUNG,22727.jpg
YOUNG,19883.jpg
MIDDLE,10993.jpg
YOUNG,23301.jpg
YOUNG,22583.jpg
YOUNG,22886.jpg
OLD,11597.jpg
OLD,12665.jpg
OLD,23282.jpg
YOUNG,18417.jpg
YOUNG,21627.jpg
YOUNG,25932.jpg
YOUNG,20388.jpg
MIDDLE,9875.jpg
OLD,10042.jpg
YOUNG,16523.jpg
YOUNG,23882.jpg
MIDDLE,15078.jpg
YOUNG,24364.jpg
YOUNG,23869.jpg
YOUNG,19087.jpg
YOUNG,20840.jpg
YOUNG,22225.jpg
YOUNG,20462.jpg
MIDDLE,9042.jpg
YOUNG,22529.jpg
YOUNG,11972.jpg
YOUNG,15551.jpg
OLD,18412.jpg
OLD,1871.jpg
YOUNG,22426.jpg
YOUNG,18039.jpg
OLD,382.jpg
OLD,3438.jpg
YOUNG,10911.jpg
OLD,13068.jpg
YOUNG,3906.jpg
OLD,8251.jpg
YOUNG,2752.jpg
YOUNG,15572.jpg
YOUNG,14581.jpg
YOUNG,8794.jpg
MIDDLE,3031.jpg
YOUNG,24361.jpg
YOUNG,2337.jpg
OLD,1705.jpg
OLD,25707.jpg
YOUNG,3458.jpg
OLD,20857.jpg
OLD,7661.jpg
MIDDLE,11614.jpg
OLD,22562.jpg
YOUNG,15922.jpg
OLD,20603.jpg
YOUNG,15093.jpg
OLD,22673.jpg
YOUNG,25070.jpg
YOUNG,12984.jpg
OLD,10380.jpg
OLD,6769.jpg
OLD,10144.jpg
YOUNG,8798.jpg
YOUNG,3870.jpg
YOUNG,21956.jpg
OLD,12188.jpg
YOUNG,24911.jpg
YOUNG,24954.jpg
YOUNG,24518.jpg
YOUNG,13510.jpg
YOUNG,18722.jpg
OLD,5214.jpg
YOUNG,1919.jpg
YOUNG,14263.jpg
YOUNG,5801.jpg
YOUNG,13741.jpg
YOUNG,12221.jpg
YOUNG,16741.jpg
MIDDLE,24612.jpg
YOUNG,11149.jpg
YOUNG,7760.jpg
YOUNG,15718.jpg
YOUNG,20289.jpg
YOUNG,17467.jpg
OLD,9410.jpg
YOUNG,415.jpg
YOUNG,14715.jpg
YOUNG,11258.jpg
YOUNG,22222.jpg
OLD,22906.jpg
MIDDLE,22517.jpg
YOUNG,17117.jpg
YOUNG,18960.jpg
OLD,2547.jpg
YOUNG,17577.jpg
YOUNG,7188.jpg
MIDDLE,8954.jpg
YOUNG,18364.jpg
OLD,6438.jpg
OLD,5867.jpg
YOUNG,21840.jpg
YOUNG,22229.jpg
YOUNG,13360.jpg
OLD,5135.jpg
YOUNG,14568.jpg
OLD,19757.jpg
OLD,18050.jpg
YOUNG,2616.jpg
YOUNG,20768.jpg
OLD,22980.jpg
YOUNG,15047.jpg
MIDDLE,18513.jpg
YOUNG,13633.jpg
YOUNG,20557.jpg
MIDDLE,20847.jpg
OLD,6747.jpg
YOUNG,3749.jpg
OLD,18492.jpg
YOUNG,2817.jpg
MIDDLE,5612.jpg
YOUNG,12488.jpg
MIDDLE,20348.jpg
OLD,7728.jpg
MIDDLE,1735.jpg
YOUNG,26417.jpg
YOUNG,4297.jpg
OLD,8172.jpg
YOUNG,20471.jpg
YOUNG,2127.jpg
YOUNG,9951.jpg
YOUNG,5322.jpg
MIDDLE,14772.jpg
MIDDLE,2478.jpg
YOUNG,24745.jpg
YOUNG,18846.jpg
YOUNG,10288.jpg
MIDDLE,18851.jpg
MIDDLE,18372.jpg
MIDDLE,6964.jpg
OLD,17579.jpg
OLD,1304.jpg
MIDDLE,21508.jpg
YOUNG,9104.jpg
YOUNG,18907.jpg
YOUNG,16973.jpg
YOUNG,19638.jpg
OLD,18401.jpg
YOUNG,22638.jpg
YOUNG,9995.jpg
YOUNG,24010.jpg
OLD,23692.jpg
YOUNG,20218.jpg
OLD,15473.jpg
YOUNG,7773.jpg
MIDDLE,21320.jpg
OLD,3081.jpg
OLD,2187.jpg
OLD,19880.jpg
YOUNG,3837.jpg
OLD,22228.jpg
YOUNG,20143.jpg
YOUNG,21351.jpg
YOUNG,19973.jpg
YOUNG,12857.jpg
OLD,8992.jpg
MIDDLE,477.jpg
YOUNG,16782.jpg
YOUNG,51.jpg
YOUNG,18289.jpg
YOUNG,6548.jpg
OLD,17351.jpg
YOUNG,24875.jpg
YOUNG,25942.jpg
OLD,14984.jpg
YOUNG,23911.jpg
YOUNG,15348.jpg
YOUNG,5795.jpg
YOUNG,24093.jpg
YOUNG,3806.jpg
YOUNG,23873.jpg
OLD,24384.jpg
OLD,2100.jpg
YOUNG,9921.jpg
YOUNG,6213.jpg
YOUNG,22204.jpg
OLD,23851.jpg
YOUNG,6531.jpg
YOUNG,14642.jpg
OLD,26432.jpg
YOUNG,11500.jpg
OLD,2607.jpg
YOUNG,12674.jpg
YOUNG,8788.jpg
YOUNG,16692.jpg
YOUNG,13286.jpg
YOUNG,19647.jpg
YOUNG,5450.jpg
YOUNG,13597.jpg
MIDDLE,19830.jpg
YOUNG,4873.jpg
YOUNG,2484.jpg
YOUNG,5998.jpg
YOUNG,5579.jpg
OLD,19989.jpg
YOUNG,21763.jpg
YOUNG,15023.jpg
OLD,20788.jpg
OLD,6748.jpg
OLD,16968.jpg
OLD,19712.jpg
OLD,13344.jpg
YOUNG,18912.jpg
MIDDLE,4538.jpg
MIDDLE,10936.jpg
OLD,23023.jpg
YOUNG,23468.jpg
OLD,5189.jpg
YOUNG,4450.jpg
OLD,10903.jpg
OLD,10919.jpg
YOUNG,15382.jpg
YOUNG,3549.jpg
YOUNG,13491.jpg
YOUNG,7872.jpg
YOUNG,18206.jpg
YOUNG,3925.jpg
YOUNG,6320.jpg
YOUNG,9853.jpg
YOUNG,20861.jpg
OLD,5180.jpg
YOUNG,7916.jpg
YOUNG,1171.jpg
OLD,14923.jpg
OLD,9485.jpg
YOUNG,17590.jpg
YOUNG,3609.jpg
YOUNG,15385.jpg
OLD,8163.jpg
OLD,22448.jpg
OLD,21262.jpg
YOUNG,18617.jpg
YOUNG,14030.jpg
YOUNG,6013.jpg
YOUNG,15895.jpg
YOUNG,1224.jpg
OLD,19974.jpg
OLD,21133.jpg
YOUNG,19909.jpg
YOUNG,9432.jpg
YOUNG,7320.jpg
OLD,21760.jpg
YOUNG,25185.jpg
YOUNG,13166.jpg
MIDDLE,9585.jpg
YOUNG,22564.jpg
YOUNG,1740.jpg
OLD,8985.jpg
YOUNG,11036.jpg
YOUNG,14726.jpg
OLD,3334.jpg
OLD,12074.jpg
YOUNG,16022.jpg
YOUNG,243.jpg
YOUNG,5807.jpg
YOUNG,3098.jpg
YOUNG,17630.jpg
OLD,1763.jpg
OLD,660.jpg
OLD,2813.jpg
YOUNG,8786.jpg
OLD,1033.jpg
OLD,12525.jpg
OLD,16427.jpg
YOUNG,16707.jpg
YOUNG,26146.jpg
YOUNG,2510.jpg
OLD,17939.jpg
MIDDLE,13666.jpg
OLD,14516.jpg
YOUNG,2290.jpg
OLD,15884.jpg
YOUNG,494.jpg
OLD,4555.jpg
MIDDLE,10180.jpg
OLD,3170.jpg
YOUNG,13897.jpg
YOUNG,13552.jpg
OLD,4518.jpg
MIDDLE,5802.jpg
OLD,8208.jpg
OLD,22212.jpg
YOUNG,23870.jpg
YOUNG,24179.jpg
OLD,16452.jpg
OLD,9610.jpg
YOUNG,19361.jpg
YOUNG,17476.jpg
OLD,17887.jpg
MIDDLE,24325.jpg
YOUNG,9962.jpg
YOUNG,447.jpg
YOUNG,9548.jpg
YOUNG,5870.jpg
OLD,4175.jpg
YOUNG,15388.jpg
YOUNG,16263.jpg
YOUNG,8607.jpg
OLD,21511.jpg
YOUNG,8776.jpg
YOUNG,13638.jpg
OLD,10866.jpg
YOUNG,12729.jpg
YOUNG,9225.jpg
YOUNG,11561.jpg
OLD,22125.jpg
YOUNG,10329.jpg
YOUNG,21414.jpg
OLD,12792.jpg
OLD,8423.jpg
OLD,16027.jpg
YOUNG,9403.jpg
YOUNG,6127.jpg
MIDDLE,19023.jpg
YOUNG,23989.jpg
OLD,9389.jpg
YOUNG,17593.jpg
YOUNG,20.jpg
YOUNG,23638.jpg
MIDDLE,24101.jpg
YOUNG,24607.jpg
OLD,26334.jpg
OLD,18222.jpg
YOUNG,17998.jpg
MIDDLE,1978.jpg
YOUNG,871.jpg
YOUNG,25630.jpg
YOUNG,861.jpg
MIDDLE,4534.jpg
OLD,16603.jpg
YOUNG,1713.jpg
YOUNG,877.jpg
OLD,9328.jpg
YOUNG,26282.jpg
YOUNG,6522.jpg
MIDDLE,14312.jpg
YOUNG,26371.jpg
YOUNG,14735.jpg
OLD,2468.jpg
OLD,19698.jpg
OLD,12241.jpg
MIDDLE,3791.jpg
OLD,13758.jpg
OLD,20297.jpg
YOUNG,21738.jpg
YOUNG,20841.jpg
YOUNG,4733.jpg
OLD,19084.jpg
YOUNG,399.jpg
YOUNG,18466.jpg
YOUNG,10403.jpg
YOUNG,7915.jpg
YOUNG,9242.jpg
YOUNG,22015.jpg
YOUNG,11895.jpg
YOUNG,22770.jpg
YOUNG,44.jpg
OLD,16286.jpg
YOUNG,16172.jpg
YOUNG,20119.jpg
YOUNG,13044.jpg
YOUNG,13972.jpg
OLD,1253.jpg
OLD,3715.jpg
OLD,9923.jpg
YOUNG,19549.jpg
OLD,9117.jpg
YOUNG,1686.jpg
YOUNG,310.jpg
YOUNG,13055.jpg
OLD,15075.jpg
OLD,13780.jpg
YOUNG,7961.jpg
YOUNG,13981.jpg
YOUNG,21836.jpg
YOUNG,11251.jpg
YOUNG,3712.jpg
OLD,1535.jpg
YOUNG,16895.jpg
YOUNG,712.jpg
YOUNG,1182.jpg
YOUNG,16146.jpg
OLD,8727.jpg
YOUNG,5120.jpg
YOUNG,11098.jpg
OLD,22106.jpg
OLD,23514.jpg
YOUNG,21571.jpg
OLD,10875.jpg
YOUNG,22494.jpg
OLD,11126.jpg
YOUNG,3558.jpg
YOUNG,4983.jpg
OLD,22205.jpg
YOUNG,26353.jpg
YOUNG,25989.jpg
OLD,11073.jpg
OLD,4208.jpg
YOUNG,2870.jpg
YOUNG,12295.jpg
YOUNG,23724.jpg
YOUNG,26176.jpg
YOUNG,11883.jpg
OLD,19064.jpg
MIDDLE,26475.jpg
YOUNG,13088.jpg
MIDDLE,20197.jpg
YOUNG,5873.jpg
YOUNG,2023.jpg
YOUNG,3592.jpg
OLD,21035.jpg
YOUNG,9859.jpg
OLD,11867.jpg
MIDDLE,25648.jpg
YOUNG,5255.jpg
OLD,19770.jpg
OLD,15157.jpg
OLD,2684.jpg
YOUNG,2388.jpg
YOUNG,15665.jpg
YOUNG,4329.jpg
MIDDLE,15986.jpg
YOUNG,11569.jpg
OLD,12886.jpg
YOUNG,25157.jpg
YOUNG,8728.jpg
OLD,12937.jpg
YOUNG,23847.jpg
YOUNG,26064.jpg
YOUNG,14179.jpg
YOUNG,4370.jpg
YOUNG,15762.jpg
OLD,3617.jpg
OLD,23679.jpg
OLD,10399.jpg
YOUNG,17709.jpg
YOUNG,3961.jpg
YOUNG,23506.jpg
YOUNG,21181.jpg
OLD,4081.jpg
OLD,14973.jpg
YOUNG,12896.jpg
YOUNG,15755.jpg
OLD,26268.jpg
OLD,3092.jpg
YOUNG,8441.jpg
YOUNG,54.jpg
YOUNG,2158.jpg
YOUNG,16439.jpg
YOUNG,21939.jpg
YOUNG,17208.jpg
YOUNG,5526.jpg
YOUNG,4480.jpg
YOUNG,22263.jpg
OLD,12134.jpg
OLD,25783.jpg
YOUNG,4798.jpg
OLD,13158.jpg
OLD,10639.jpg
YOUNG,16377.jpg
YOUNG,8418.jpg
OLD,25226.jpg
YOUNG,12954.jpg
OLD,13404.jpg
OLD,22324.jpg
YOUNG,516.jpg
OLD,8586.jpg
YOUNG,2220.jpg
YOUNG,17082.jpg
YOUNG,22585.jpg
YOUNG,15985.jpg
YOUNG,6249.jpg
OLD,1326.jpg
YOUNG,6192.jpg
OLD,12046.jpg
OLD,12971.jpg
YOUNG,17866.jpg
YOUNG,22814.jpg
YOUNG,21061.jpg
YOUNG,1872.jpg
OLD,7805.jpg
YOUNG,17546.jpg
YOUNG,19183.jpg
OLD,9972.jpg
YOUNG,4935.jpg
OLD,19486.jpg
MIDDLE,25998.jpg
YOUNG,8247.jpg
OLD,3468.jpg
OLD,14403.jpg
YOUNG,22818.jpg
YOUNG,2472.jpg
YOUNG,21640.jpg
YOUNG,14046.jpg
YOUNG,21191.jpg
YOUNG,22535.jpg
YOUNG,13878.jpg
OLD,15141.jpg
YOUNG,21591.jpg
YOUNG,14227.jpg
YOUNG,11588.jpg
YOUNG,25888.jpg
YOUNG,14087.jpg
YOUNG,8148.jpg
OLD,7749.jpg
YOUNG,19366.jpg
YOUNG,15201.jpg
YOUNG,20661.jpg
MIDDLE,13807.jpg
OLD,22825.jpg
OLD,20748.jpg
OLD,5501.jpg
OLD,296.jpg
YOUNG,4364.jpg
YOUNG,18932.jpg
MIDDLE,17229.jpg
YOUNG,1836.jpg
YOUNG,13457.jpg
YOUNG,14830.jpg
YOUNG,17813.jpg
OLD,18114.jpg
YOUNG,10142.jpg
YOUNG,89.jpg
YOUNG,8430.jpg
YOUNG,11683.jpg
YOUNG,23323.jpg
YOUNG,16089.jpg
YOUNG,1108.jpg
OLD,24477.jpg
MIDDLE,20621.jpg
OLD,6891.jpg
YOUNG,16862.jpg
OLD,7504.jpg
OLD,1724.jpg
OLD,17679.jpg
YOUNG,3295.jpg
OLD,5716.jpg
YOUNG,6690.jpg
YOUNG,24986.jpg
OLD,16276.jpg
OLD,13428.jpg
YOUNG,6638.jpg
YOUNG,22156.jpg
YOUNG,9956.jpg
OLD,12510.jpg
YOUNG,19518.jpg
YOUNG,123.jpg
OLD,17168.jpg
YOUNG,7675.jpg
YOUNG,13051.jpg
OLD,661.jpg
MIDDLE,9939.jpg
YOUNG,244.jpg
YOUNG,18948.jpg
YOUNG,79.jpg
YOUNG,15067.jpg
OLD,5065.jpg
OLD,14294.jpg
MIDDLE,20024.jpg
OLD,14478.jpg
YOUNG,11156.jpg
OLD,16453.jpg
YOUNG,7759.jpg
YOUNG,15115.jpg
OLD,21269.jpg
OLD,19925.jpg
YOUNG,17960.jpg
YOUNG,7869.jpg
YOUNG,6475.jpg
YOUNG,22734.jpg
OLD,10014.jpg
YOUNG,10574.jpg
YOUNG,19769.jpg
YOUNG,2050.jpg
YOUNG,10421.jpg
OLD,21079.jpg
YOUNG,9926.jpg
YOUNG,14853.jpg
YOUNG,9782.jpg
MIDDLE,2295.jpg
OLD,10721.jpg
OLD,2244.jpg
YOUNG,5858.jpg
OLD,5423.jpg
MIDDLE,25253.jpg
OLD,16319.jpg
YOUNG,8880.jpg
YOUNG,3575.jpg
YOUNG,714.jpg
OLD,23483.jpg
YOUNG,308.jpg
OLD,23801.jpg
OLD,4325.jpg
YOUNG,5645.jpg
YOUNG,19474.jpg
YOUNG,18418.jpg
OLD,21469.jpg
MIDDLE,14198.jpg
OLD,14533.jpg
YOUNG,18778.jpg
YOUNG,12653.jpg
YOUNG,18659.jpg
YOUNG,4184.jpg
OLD,9176.jpg
YOUNG,5961.jpg
MIDDLE,25393.jpg
OLD,23746.jpg
YOUNG,1228.jpg
YOUNG,11050.jpg
OLD,13401.jpg
OLD,10459.jpg
YOUNG,17001.jpg
OLD,24001.jpg
YOUNG,11524.jpg
YOUNG,16933.jpg
MIDDLE,8487.jpg
YOUNG,8194.jpg
OLD,18056.jpg
YOUNG,10340.jpg
YOUNG,9581.jpg
YOUNG,24040.jpg
OLD,9400.jpg
MIDDLE,14285.jpg
YOUNG,19766.jpg
YOUNG,5849.jpg
OLD,5220.jpg
YOUNG,4791.jpg
OLD,13309.jpg
YOUNG,25489.jpg
YOUNG,7600.jpg
YOUNG,427.jpg
YOUNG,10843.jpg
OLD,26358.jpg
OLD,18456.jpg
OLD,5527.jpg
OLD,9502.jpg
YOUNG,16465.jpg
OLD,20096.jpg
YOUNG,2517.jpg
YOUNG,7982.jpg
YOUNG,16964.jpg
YOUNG,7216.jpg
YOUNG,12037.jpg
OLD,23836.jpg
YOUNG,3639.jpg
OLD,15414.jpg
OLD,8574.jpg
OLD,25291.jpg
YOUNG,25935.jpg
OLD,21264.jpg
MIDDLE,11645.jpg
YOUNG,24890.jpg
YOUNG,16868.jpg
YOUNG,16619.jpg
YOUNG,24368.jpg
YOUNG,18228.jpg
MIDDLE,6265.jpg
YOUNG,9784.jpg
YOUNG,5277.jpg
OLD,5492.jpg
OLD,17266.jpg
MIDDLE,10826.jpg
OLD,20521.jpg
YOUNG,7686.jpg
YOUNG,4978.jpg
YOUNG,26389.jpg
YOUNG,4668.jpg
YOUNG,2518.jpg
YOUNG,22438.jpg
YOUNG,2601.jpg
OLD,1684.jpg
YOUNG,20453.jpg
OLD,21499.jpg
YOUNG,1539.jpg
YOUNG,25873.jpg
MIDDLE,11768.jpg
YOUNG,25718.jpg
MIDDLE,20601.jpg
YOUNG,15175.jpg
YOUNG,9613.jpg
OLD,26132.jpg
YOUNG,15702.jpg
YOUNG,6075.jpg
OLD,22087.jpg
OLD,18935.jpg
YOUNG,13233.jpg
OLD,8594.jpg
YOUNG,21182.jpg
YOUNG,25820.jpg
YOUNG,7356.jpg
OLD,15596.jpg
OLD,1261.jpg
OLD,4304.jpg
YOUNG,12456.jpg
OLD,14653.jpg
YOUNG,12142.jpg
YOUNG,9806.jpg
YOUNG,19664.jpg
YOUNG,13122.jpg
OLD,5209.jpg
YOUNG,4683.jpg
YOUNG,25546.jpg
YOUNG,13366.jpg
YOUNG,12711.jpg
MIDDLE,15770.jpg
YOUNG,21639.jpg
OLD,22333.jpg
YOUNG,12257.jpg
OLD,13836.jpg
OLD,16558.jpg
OLD,14967.jpg
YOUNG,19831.jpg
MIDDLE,5157.jpg
YOUNG,25556.jpg
OLD,19405.jpg
YOUNG,5888.jpg
OLD,18892.jpg
YOUNG,14647.jpg
OLD,3323.jpg
YOUNG,15248.jpg
YOUNG,14604.jpg
OLD,9928.jpg
YOUNG,5453.jpg
YOUNG,19509.jpg
YOUNG,11847.jpg
YOUNG,24689.jpg
OLD,16934.jpg
OLD,17056.jpg
YOUNG,6366.jpg
YOUNG,14605.jpg
YOUNG,19090.jpg
YOUNG,9220.jpg
YOUNG,22697.jpg
OLD,22937.jpg
YOUNG,11909.jpg
OLD,5057.jpg
YOUNG,20556.jpg
OLD,8571.jpg
YOUNG,13964.jpg
OLD,20910.jpg
YOUNG,11248.jpg
OLD,8813.jpg
YOUNG,17183.jpg
YOUNG,21963.jpg
YOUNG,10673.jpg
YOUNG,12974.jpg
OLD,21815.jpg
YOUNG,17537.jpg
YOUNG,21267.jpg
YOUNG,5850.jpg
YOUNG,6676.jpg
YOUNG,22822.jpg
YOUNG,7932.jpg
YOUNG,18775.jpg
YOUNG,331.jpg
YOUNG,402.jpg
YOUNG,15107.jpg
OLD,23850.jpg
OLD,12890.jpg
YOUNG,23130.jpg
MIDDLE,14389.jpg
YOUNG,6413.jpg
MIDDLE,20325.jpg
YOUNG,19955.jpg
OLD,23317.jpg
OLD,8839.jpg
YOUNG,17364.jpg
YOUNG,21837.jpg
YOUNG,11157.jpg
YOUNG,9455.jpg
YOUNG,26091.jpg
MIDDLE,19199.jpg
YOUNG,19312.jpg
OLD,9448.jpg
YOUNG,13071.jpg
OLD,3407.jpg
YOUNG,6092.jpg
YOUNG,104.jpg
YOUNG,11289.jpg
YOUNG,11359.jpg
OLD,11725.jpg
OLD,14826.jpg
OLD,24058.jpg
MIDDLE,18807.jpg
YOUNG,11876.jpg
YOUNG,22854.jpg
YOUNG,1379.jpg
OLD,22857.jpg
MIDDLE,18820.jpg
YOUNG,12176.jpg
YOUNG,15945.jpg
YOUNG,1937.jpg
OLD,1581.jpg
YOUNG,22908.jpg
OLD,9714.jpg
YOUNG,18234.jpg
MIDDLE,21685.jpg
YOUNG,18344.jpg
YOUNG,23013.jpg
YOUNG,890.jpg
YOUNG,20624.jpg
OLD,15742.jpg
YOUNG,761.jpg
YOUNG,18875.jpg
YOUNG,25693.jpg
YOUNG,25334.jpg
YOUNG,1329.jpg
YOUNG,22199.jpg
YOUNG,14434.jpg
YOUNG,5082.jpg
YOUNG,939.jpg
YOUNG,23290.jpg
YOUNG,6812.jpg
YOUNG,14011.jpg
OLD,17897.jpg
YOUNG,19879.jpg
YOUNG,6772.jpg
YOUNG,3562.jpg
MIDDLE,15373.jpg
YOUNG,22513.jpg
YOUNG,11070.jpg
YOUNG,5321.jpg
YOUNG,6405.jpg
YOUNG,14159.jpg
YOUNG,14700.jpg
YOUNG,4286.jpg
YOUNG,24763.jpg
YOUNG,18367.jpg
OLD,15371.jpg
MIDDLE,6892.jpg
OLD,252.jpg
YOUNG,7529.jpg
YOUNG,23182.jpg
YOUNG,3412.jpg
YOUNG,3818.jpg
MIDDLE,22051.jpg
YOUNG,23062.jpg
YOUNG,13877.jpg
YOUNG,14360.jpg
YOUNG,17205.jpg
YOUNG,16552.jpg
YOUNG,25515.jpg
YOUNG,15066.jpg
YOUNG,14405.jpg
YOUNG,11773.jpg
MIDDLE,2788.jpg
OLD,25052.jpg
YOUNG,8414.jpg
YOUNG,19236.jpg
OLD,6126.jpg
YOUNG,4240.jpg
MIDDLE,25335.jpg
YOUNG,11182.jpg
YOUNG,3555.jpg
OLD,10689.jpg
MIDDLE,17243.jpg
OLD,19545.jpg
YOUNG,14738.jpg
OLD,3991.jpg
YOUNG,4997.jpg
YOUNG,20996.jpg
YOUNG,10761.jpg
OLD,16231.jpg
OLD,7517.jpg
OLD,25239.jpg
YOUNG,7443.jpg
YOUNG,21176.jpg
YOUNG,18798.jpg
OLD,19738.jpg
OLD,25315.jpg
YOUNG,18944.jpg
YOUNG,19559.jpg
YOUNG,3848.jpg
YOUNG,22177.jpg
OLD,9206.jpg
YOUNG,16186.jpg
YOUNG,16563.jpg
YOUNG,16358.jpg
MIDDLE,10685.jpg
OLD,8230.jpg
YOUNG,19425.jpg
OLD,789.jpg
YOUNG,23646.jpg
YOUNG,24328.jpg
MIDDLE,4298.jpg
OLD,3076.jpg
YOUNG,4012.jpg
MIDDLE,14065.jpg
OLD,11999.jpg
YOUNG,6830.jpg
MIDDLE,9554.jpg
OLD,4559.jpg
OLD,13703.jpg
OLD,5067.jpg
MIDDLE,23463.jpg
YOUNG,3569.jpg
YOUNG,7791.jpg
OLD,7573.jpg
YOUNG,5995.jpg
YOUNG,18121.jpg
YOUNG,14268.jpg
YOUNG,25056.jpg
YOUNG,17658.jpg
YOUNG,7726.jpg
YOUNG,22200.jpg
YOUNG,7146.jpg
OLD,6807.jpg
YOUNG,19798.jpg
OLD,11594.jpg
YOUNG,7026.jpg
YOUNG,488.jpg
YOUNG,15516.jpg
YOUNG,15326.jpg
YOUNG,6902.jpg
YOUNG,2341.jpg
YOUNG,21078.jpg
YOUNG,10858.jpg
MIDDLE,18445.jpg
OLD,25921.jpg
OLD,4048.jpg
YOUNG,22536.jpg
YOUNG,25863.jpg
YOUNG,20749.jpg
YOUNG,10114.jpg
YOUNG,3640.jpg
MIDDLE,4656.jpg
MIDDLE,6854.jpg
OLD,14194.jpg
YOUNG,25501.jpg
YOUNG,15811.jpg
YOUNG,2623.jpg
YOUNG,13954.jpg
MIDDLE,7841.jpg
YOUNG,19109.jpg
YOUNG,21478.jpg
YOUNG,15988.jpg
MIDDLE,19337.jpg
MIDDLE,18262.jpg
MIDDLE,12582.jpg
YOUNG,11338.jpg
YOUNG,22328.jpg
YOUNG,13693.jpg
OLD,313.jpg
OLD,17648.jpg
YOUNG,19828.jpg
YOUNG,20598.jpg
YOUNG,10698.jpg
OLD,14596.jpg
YOUNG,24957.jpg
YOUNG,6469.jpg
OLD,4528.jpg
OLD,17506.jpg
YOUNG,22020.jpg
YOUNG,12870.jpg
OLD,11302.jpg
YOUNG,18884.jpg
YOUNG,15087.jpg
YOUNG,18145.jpg
MIDDLE,22737.jpg
YOUNG,3087.jpg
OLD,20198.jpg
YOUNG,21048.jpg
OLD,21805.jpg
YOUNG,14878.jpg
YOUNG,1131.jpg
OLD,1194.jpg
YOUNG,12785.jpg
OLD,25137.jpg
OLD,23399.jpg
OLD,23726.jpg
OLD,11343.jpg
OLD,23976.jpg
YOUNG,25394.jpg
MIDDLE,20761.jpg
YOUNG,19792.jpg
YOUNG,2375.jpg
OLD,5665.jpg
YOUNG,832.jpg
MIDDLE,2498.jpg
YOUNG,19368.jpg
YOUNG,5021.jpg
YOUNG,19914.jpg
YOUNG,18096.jpg
YOUNG,19754.jpg
OLD,11679.jpg
MIDDLE,4256.jpg
YOUNG,17015.jpg
OLD,24670.jpg
YOUNG,545.jpg
YOUNG,16091.jpg
YOUNG,17688.jpg
YOUNG,16667.jpg
OLD,4645.jpg
OLD,25018.jpg
OLD,21321.jpg
YOUNG,11231.jpg
OLD,25554.jpg
OLD,14592.jpg
YOUNG,7809.jpg
YOUNG,25274.jpg
MIDDLE,5116.jpg
OLD,17804.jpg
OLD,21231.jpg
YOUNG,21424.jpg
YOUNG,11186.jpg
OLD,23898.jpg
OLD,5960.jpg
YOUNG,9694.jpg
OLD,13563.jpg
YOUNG,25833.jpg
YOUNG,11913.jpg
YOUNG,18750.jpg
YOUNG,19856.jpg
OLD,21771.jpg
OLD,12166.jpg
YOUNG,6893.jpg
YOUNG,7734.jpg
MIDDLE,7308.jpg
YOUNG,16187.jpg
MIDDLE,8531.jpg
YOUNG,15029.jpg
OLD,7455.jpg
YOUNG,1290.jpg
YOUNG,1525.jpg
YOUNG,1123.jpg
OLD,14071.jpg
YOUNG,14385.jpg
YOUNG,15173.jpg
MIDDLE,4372.jpg
MIDDLE,22936.jpg
OLD,11983.jpg
YOUNG,22326.jpg
YOUNG,22752.jpg
YOUNG,25494.jpg
YOUNG,7153.jpg
OLD,17165.jpg
MIDDLE,15754.jpg
YOUNG,25246.jpg
YOUNG,7635.jpg
OLD,12111.jpg
YOUNG,16096.jpg
YOUNG,4407.jpg
OLD,20093.jpg
MIDDLE,5548.jpg
YOUNG,10052.jpg
OLD,12724.jpg
YOUNG,8082.jpg
YOUNG,12518.jpg
MIDDLE,15600.jpg
YOUNG,9993.jpg
OLD,3727.jpg
OLD,10391.jpg
OLD,23731.jpg
OLD,15594.jpg
OLD,14485.jpg
OLD,25279.jpg
YOUNG,8245.jpg
YOUNG,14560.jpg
YOUNG,19330.jpg
YOUNG,8568.jpg
YOUNG,2114.jpg
YOUNG,26317.jpg
YOUNG,6689.jpg
YOUNG,10445.jpg
YOUNG,12522.jpg
YOUNG,19026.jpg
YOUNG,13009.jpg
YOUNG,10060.jpg
YOUNG,13103.jpg
YOUNG,12018.jpg
YOUNG,12784.jpg
YOUNG,19573.jpg
YOUNG,18173.jpg
YOUNG,13505.jpg
YOUNG,15833.jpg
OLD,13600.jpg
YOUNG,12340.jpg
YOUNG,15729.jpg
YOUNG,1618.jpg
YOUNG,4730.jpg
YOUNG,16061.jpg
YOUNG,7350.jpg
YOUNG,16912.jpg
YOUNG,20242.jpg
OLD,8236.jpg
OLD,2584.jpg
OLD,25460.jpg
YOUNG,1063.jpg
YOUNG,24687.jpg
YOUNG,22501.jpg
YOUNG,10987.jpg
YOUNG,3560.jpg
YOUNG,13155.jpg
OLD,16196.jpg
YOUNG,26382.jpg
YOUNG,15588.jpg
OLD,1395.jpg
YOUNG,16257.jpg
YOUNG,10999.jpg
YOUNG,17645.jpg
YOUNG,23115.jpg
YOUNG,11592.jpg
YOUNG,9775.jpg
YOUNG,14321.jpg
OLD,7945.jpg
YOUNG,12654.jpg
YOUNG,10466.jpg
OLD,3726.jpg
YOUNG,16504.jpg
YOUNG,22774.jpg
YOUNG,12200.jpg
YOUNG,3504.jpg
OLD,2514.jpg
YOUNG,15628.jpg
YOUNG,17687.jpg
YOUNG,15319.jpg
OLD,18512.jpg
OLD,16423.jpg
YOUNG,16881.jpg
YOUNG,13091.jpg
OLD,12402.jpg
YOUNG,10412.jpg
YOUNG,25101.jpg
OLD,22365.jpg
YOUNG,17112.jpg
YOUNG,17564.jpg
OLD,6846.jpg
YOUNG,11407.jpg
YOUNG,1476.jpg
YOUNG,4468.jpg
YOUNG,23912.jpg
YOUNG,15737.jpg
YOUNG,8652.jpg
YOUNG,13938.jpg
OLD,4947.jpg
OLD,16266.jpg
OLD,19410.jpg
OLD,11490.jpg
OLD,17439.jpg
MIDDLE,26478.jpg
OLD,5131.jpg
YOUNG,21023.jpg
YOUNG,24219.jpg
YOUNG,7939.jpg
YOUNG,2430.jpg
YOUNG,2075.jpg
YOUNG,22556.jpg
OLD,10138.jpg
YOUNG,22904.jpg
YOUNG,870.jpg
YOUNG,21411.jpg
YOUNG,16836.jpg
YOUNG,17610.jpg
YOUNG,17612.jpg
MIDDLE,12762.jpg
YOUNG,8045.jpg
OLD,23473.jpg
YOUNG,21870.jpg
YOUNG,23943.jpg
YOUNG,13902.jpg
YOUNG,24872.jpg
YOUNG,21177.jpg
YOUNG,18421.jpg
OLD,11753.jpg
OLD,13624.jpg
YOUNG,16476.jpg
YOUNG,26270.jpg
YOUNG,12065.jpg
OLD,19867.jpg
OLD,307.jpg
MIDDLE,9608.jpg
YOUNG,6110.jpg
YOUNG,7755.jpg
YOUNG,14293.jpg
YOUNG,23623.jpg
YOUNG,14851.jpg
YOUNG,26242.jpg
MIDDLE,9654.jpg
OLD,3698.jpg
YOUNG,22323.jpg
MIDDLE,15632.jpg
OLD,14257.jpg
OLD,17544.jpg
YOUNG,5500.jpg
YOUNG,17106.jpg
OLD,19528.jpg
YOUNG,23261.jpg
YOUNG,13299.jpg
YOUNG,3040.jpg
OLD,8069.jpg
OLD,11346.jpg
YOUNG,25484.jpg
OLD,7554.jpg
YOUNG,17480.jpg
YOUNG,15710.jpg
YOUNG,17119.jpg
YOUNG,12357.jpg
OLD,1652.jpg
OLD,24248.jpg
OLD,6497.jpg
YOUNG,18776.jpg
YOUNG,334.jpg
YOUNG,7598.jpg
OLD,5030.jpg
YOUNG,14244.jpg
MIDDLE,16173.jpg
YOUNG,26408.jpg
MIDDLE,20740.jpg
YOUNG,1638.jpg
YOUNG,15446.jpg
OLD,6858.jpg
YOUNG,10044.jpg
OLD,4473.jpg
YOUNG,16079.jpg
YOUNG,26111.jpg
YOUNG,6202.jpg
MIDDLE,15486.jpg
YOUNG,42.jpg
OLD,8924.jpg
YOUNG,1886.jpg
YOUNG,4941.jpg
YOUNG,21258.jpg
YOUNG,24540.jpg
OLD,6797.jpg
YOUNG,24295.jpg
YOUNG,2868.jpg
OLD,20445.jpg
OLD,1729.jpg
YOUNG,21752.jpg
MIDDLE,8605.jpg
YOUNG,15125.jpg
YOUNG,17194.jpg
YOUNG,3419.jpg
OLD,23612.jpg
MIDDLE,23574.jpg
YOUNG,17212.jpg
OLD,17534.jpg
YOUNG,16332.jpg
YOUNG,12554.jpg
OLD,4101.jpg
YOUNG,19567.jpg
MIDDLE,21151.jpg
YOUNG,11004.jpg
MIDDLE,23876.jpg
YOUNG,19278.jpg
YOUNG,25117.jpg
OLD,25770.jpg
YOUNG,13198.jpg
OLD,14260.jpg
YOUNG,13348.jpg
OLD,6089.jpg
YOUNG,13243.jpg
YOUNG,22910.jpg
YOUNG,13218.jpg
OLD,11743.jpg
YOUNG,3122.jpg
YOUNG,6257.jpg
YOUNG,2907.jpg
OLD,13555.jpg
YOUNG,25984.jpg
YOUNG,21893.jpg
OLD,12316.jpg
OLD,9445.jpg
YOUNG,12356.jpg
YOUNG,3471.jpg
YOUNG,12702.jpg
YOUNG,13684.jpg
YOUNG,16704.jpg
OLD,24640.jpg
YOUNG,1689.jpg
MIDDLE,10630.jpg
OLD,24998.jpg
YOUNG,13570.jpg
YOUNG,17456.jpg
OLD,11814.jpg
YOUNG,9710.jpg
YOUNG,2515.jpg
YOUNG,13771.jpg
YOUNG,932.jpg
OLD,14727.jpg
YOUNG,4908.jpg
OLD,212.jpg
YOUNG,8547.jpg
OLD,24394.jpg
YOUNG,16592.jpg
OLD,20025.jpg
OLD,3607.jpg
YOUNG,25483.jpg
YOUNG,22117.jpg
OLD,16070.jpg
YOUNG,9270.jpg
YOUNG,22259.jpg
YOUNG,8181.jpg
OLD,11610.jpg
YOUNG,10730.jpg
OLD,7613.jpg
YOUNG,14460.jpg
OLD,9821.jpg
YOUNG,17203.jpg
MIDDLE,7112.jpg
YOUNG,26425.jpg
MIDDLE,11680.jpg
MIDDLE,15483.jpg
YOUNG,17916.jpg
YOUNG,11281.jpg
OLD,25080.jpg
YOUNG,20719.jpg
YOUNG,7302.jpg
YOUNG,13619.jpg
OLD,2729.jpg
YOUNG,17867.jpg
YOUNG,1610.jpg
YOUNG,23153.jpg
YOUNG,7920.jpg
MIDDLE,10406.jpg
OLD,20033.jpg
YOUNG,3032.jpg
YOUNG,23642.jpg
YOUNG,16761.jpg
MIDDLE,26220.jpg
YOUNG,6918.jpg
YOUNG,6152.jpg
OLD,15980.jpg
YOUNG,2609.jpg
OLD,25703.jpg
YOUNG,23887.jpg
OLD,21643.jpg
YOUNG,24879.jpg
YOUNG,18291.jpg
OLD,18391.jpg
YOUNG,9553.jpg
OLD,21342.jpg
YOUNG,10871.jpg
MIDDLE,12872.jpg
YOUNG,8657.jpg
YOUNG,18838.jpg
YOUNG,16311.jpg
YOUNG,2758.jpg
OLD,24496.jpg
YOUNG,22653.jpg
OLD,13787.jpg
YOUNG,16509.jpg
YOUNG,8472.jpg
YOUNG,15845.jpg
OLD,14671.jpg
YOUNG,23905.jpg
YOUNG,17385.jpg
OLD,26369.jpg
MIDDLE,22763.jpg
OLD,15121.jpg
YOUNG,7403.jpg
OLD,20446.jpg
YOUNG,482.jpg
OLD,6308.jpg
OLD,5096.jpg
YOUNG,26511.jpg
OLD,6429.jpg
OLD,16422.jpg
YOUNG,4761.jpg
YOUNG,9082.jpg
OLD,19943.jpg
YOUNG,6444.jpg
YOUNG,1410.jpg
OLD,7745.jpg
OLD,21369.jpg
YOUNG,20314.jpg
YOUNG,15407.jpg
YOUNG,431.jpg
OLD,1084.jpg
OLD,24639.jpg
OLD,8409.jpg
YOUNG,3417.jpg
YOUNG,928.jpg
OLD,6967.jpg
OLD,15716.jpg
YOUNG,5678.jpg
MIDDLE,22768.jpg
YOUNG,2170.jpg
YOUNG,22740.jpg
OLD,6125.jpg
OLD,24172.jpg
YOUNG,11723.jpg
YOUNG,13888.jpg
OLD,3938.jpg
OLD,4991.jpg
OLD,15560.jpg
YOUNG,26124.jpg
YOUNG,13272.jpg
YOUNG,1754.jpg
YOUNG,2245.jpg
YOUNG,17575.jpg
OLD,15814.jpg
OLD,4312.jpg
YOUNG,9564.jpg
OLD,16588.jpg
YOUNG,12243.jpg
YOUNG,7722.jpg
YOUNG,3123.jpg
YOUNG,21247.jpg
MIDDLE,19937.jpg
OLD,24520.jpg
OLD,16927.jpg
MIDDLE,10557.jpg
OLD,5323.jpg
YOUNG,13231.jpg
YOUNG,24701.jpg
MIDDLE,4763.jpg
OLD,6792.jpg
MIDDLE,16993.jpg
YOUNG,14895.jpg
OLD,14690.jpg
YOUNG,26336.jpg
YOUNG,24818.jpg
OLD,14436.jpg
OLD,20461.jpg
YOUNG,9267.jpg
YOUNG,23862.jpg
YOUNG,22985.jpg
YOUNG,24235.jpg
OLD,5235.jpg
YOUNG,18350.jpg
YOUNG,9829.jpg
YOUNG,21293.jpg
YOUNG,11405.jpg
YOUNG,21719.jpg
YOUNG,22061.jpg
YOUNG,16789.jpg
YOUNG,15349.jpg
OLD,309.jpg
YOUNG,13438.jpg
OLD,8095.jpg
YOUNG,22234.jpg
OLD,13407.jpg
YOUNG,3428.jpg
YOUNG,8587.jpg
YOUNG,23564.jpg
YOUNG,22039.jpg
YOUNG,2335.jpg
OLD,13511.jpg
YOUNG,26402.jpg
MIDDLE,15929.jpg
YOUNG,3973.jpg
YOUNG,3212.jpg
YOUNG,23787.jpg
YOUNG,25641.jpg
MIDDLE,26456.jpg
YOUNG,22581.jpg
YOUNG,7091.jpg
YOUNG,16015.jpg
YOUNG,21043.jpg
MIDDLE,6574.jpg
MIDDLE,5003.jpg
OLD,490.jpg
YOUNG,19147.jpg
OLD,14412.jpg
YOUNG,17080.jpg
YOUNG,14530.jpg
YOUNG,11533.jpg
YOUNG,19099.jpg
YOUNG,10658.jpg
OLD,9068.jpg
YOUNG,24796.jpg
YOUNG,9088.jpg
OLD,22453.jpg
YOUNG,1387.jpg
YOUNG,7085.jpg
OLD,24036.jpg
YOUNG,24604.jpg
YOUNG,10735.jpg
OLD,23447.jpg
OLD,11775.jpg
YOUNG,17714.jpg
YOUNG,7247.jpg
YOUNG,3091.jpg
OLD,8997.jpg
YOUNG,7338.jpg
OLD,11993.jpg
YOUNG,25736.jpg
YOUNG,18830.jpg
YOUNG,20395.jpg
YOUNG,9323.jpg
OLD,3736.jpg
YOUNG,18793.jpg
OLD,21883.jpg
OLD,22809.jpg
YOUNG,26481.jpg
YOUNG,15604.jpg
YOUNG,12543.jpg
OLD,14184.jpg
YOUNG,9520.jpg
YOUNG,18004.jpg
OLD,19711.jpg
OLD,14215.jpg
YOUNG,19360.jpg
YOUNG,22863.jpg
OLD,668.jpg
YOUNG,2082.jpg
OLD,2401.jpg
MIDDLE,17499.jpg
YOUNG,10944.jpg
YOUNG,16009.jpg
OLD,23572.jpg
OLD,2376.jpg
OLD,15391.jpg
YOUNG,2155.jpg
OLD,15501.jpg
OLD,15849.jpg
YOUNG,20342.jpg
YOUNG,1777.jpg
OLD,3677.jpg
YOUNG,2589.jpg
YOUNG,24385.jpg
YOUNG,7040.jpg
YOUNG,9816.jpg
OLD,22321.jpg
MIDDLE,17668.jpg
YOUNG,5261.jpg
OLD,6820.jpg
MIDDLE,3320.jpg
YOUNG,8704.jpg
OLD,8816.jpg
OLD,21740.jpg
OLD,13029.jpg
YOUNG,17349.jpg
OLD,7764.jpg
OLD,8070.jpg
YOUNG,11792.jpg
OLD,529.jpg
OLD,8883.jpg
MIDDLE,11425.jpg
OLD,8366.jpg
YOUNG,11565.jpg
OLD,12100.jpg
OLD,24705.jpg
YOUNG,26267.jpg
YOUNG,18761.jpg
YOUNG,22800.jpg
YOUNG,25278.jpg
MIDDLE,14337.jpg
MIDDLE,22713.jpg
YOUNG,18529.jpg
OLD,24918.jpg
YOUNG,10587.jpg
YOUNG,6933.jpg
OLD,9120.jpg
OLD,24190.jpg
OLD,25933.jpg
YOUNG,4467.jpg
OLD,11979.jpg
OLD,6164.jpg
YOUNG,3171.jpg
YOUNG,10115.jpg
OLD,9488.jpg
YOUNG,10113.jpg
MIDDLE,4090.jpg
YOUNG,2779.jpg
MIDDLE,11893.jpg
MIDDLE,17043.jpg
YOUNG,7180.jpg
YOUNG,8544.jpg
MIDDLE,6344.jpg
OLD,6276.jpg
YOUNG,21494.jpg
OLD,22753.jpg
YOUNG,2147.jpg
MIDDLE,24583.jpg
YOUNG,5889.jpg
OLD,17409.jpg
OLD,19297.jpg
MIDDLE,21319.jpg
YOUNG,1001.jpg
YOUNG,25429.jpg
YOUNG,1658.jpg
YOUNG,17523.jpg
YOUNG,3981.jpg
OLD,2450.jpg
OLD,24698.jpg
OLD,6648.jpg
YOUNG,20425.jpg
YOUNG,21851.jpg
OLD,17626.jpg
YOUNG,20261.jpg
MIDDLE,13030.jpg
YOUNG,13293.jpg
OLD,11464.jpg
YOUNG,25824.jpg
YOUNG,25725.jpg
YOUNG,23996.jpg
OLD,2998.jpg
OLD,18138.jpg
OLD,17007.jpg
OLD,8483.jpg
OLD,2289.jpg
MIDDLE,10524.jpg
OLD,1133.jpg
YOUNG,8167.jpg
YOUNG,11203.jpg
OLD,3175.jpg
YOUNG,15676.jpg
YOUNG,20434.jpg
OLD,16128.jpg
MIDDLE,5402.jpg
YOUNG,24294.jpg
YOUNG,8306.jpg
YOUNG,410.jpg
YOUNG,6701.jpg
YOUNG,23925.jpg
OLD,324.jpg
YOUNG,24988.jpg
YOUNG,17402.jpg
YOUNG,7390.jpg
MIDDLE,17451.jpg
YOUNG,11446.jpg
YOUNG,26205.jpg
MIDDLE,8207.jpg
OLD,11117.jpg
OLD,13958.jpg
OLD,1989.jpg
YOUNG,2247.jpg
MIDDLE,15303.jpg
OLD,20892.jpg
OLD,23311.jpg
OLD,19306.jpg
YOUNG,9285.jpg
YOUNG,11865.jpg
YOUNG,22338.jpg
YOUNG,53.jpg
OLD,5365.jpg
MIDDLE,21184.jpg
YOUNG,26420.jpg
YOUNG,14699.jpg
YOUNG,4749.jpg
YOUNG,20846.jpg
OLD,5560.jpg
OLD,4795.jpg
OLD,22475.jpg
YOUNG,12372.jpg
YOUNG,11341.jpg
YOUNG,1744.jpg
YOUNG,20685.jpg
OLD,21282.jpg
OLD,11260.jpg
YOUNG,3921.jpg
OLD,23878.jpg
MIDDLE,11722.jpg
YOUNG,972.jpg
YOUNG,18747.jpg
YOUNG,6098.jpg
YOUNG,6168.jpg
OLD,12910.jpg
YOUNG,20646.jpg
YOUNG,8259.jpg
YOUNG,9618.jpg
YOUNG,5468.jpg
YOUNG,3150.jpg
YOUNG,19079.jpg
OLD,19458.jpg
YOUNG,6080.jpg
YOUNG,3958.jpg
OLD,6001.jpg
OLD,9339.jpg
MIDDLE,20055.jpg
YOUNG,5826.jpg
YOUNG,2273.jpg
YOUNG,23475.jpg
YOUNG,7909.jpg
MIDDLE,23774.jpg
OLD,14718.jpg
OLD,25306.jpg
YOUNG,21205.jpg
OLD,3144.jpg
YOUNG,18030.jpg
YOUNG,13353.jpg
YOUNG,24846.jpg
YOUNG,7029.jpg
YOUNG,463.jpg
OLD,19922.jpg
OLD,16528.jpg
OLD,11650.jpg
YOUNG,11579.jpg
YOUNG,6697.jpg
OLD,1818.jpg
YOUNG,12382.jpg
YOUNG,8454.jpg
OLD,230.jpg
OLD,6517.jpg
YOUNG,2427.jpg
OLD,25756.jpg
OLD,23591.jpg
YOUNG,20451.jpg
YOUNG,22668.jpg
YOUNG,3223.jpg
YOUNG,22543.jpg
OLD,13152.jpg
YOUNG,18967.jpg
YOUNG,21793.jpg
YOUNG,23252.jpg
MIDDLE,2467.jpg
OLD,26210.jpg
YOUNG,3006.jpg
OLD,17737.jpg
YOUNG,4135.jpg
MIDDLE,17061.jpg
YOUNG,6427.jpg
YOUNG,13815.jpg
OLD,17324.jpg
YOUNG,13410.jpg
YOUNG,20142.jpg
OLD,12391.jpg
YOUNG,17252.jpg
YOUNG,12496.jpg
OLD,22458.jpg
OLD,4224.jpg
YOUNG,6656.jpg
YOUNG,3157.jpg
YOUNG,25843.jpg
OLD,11374.jpg
OLD,20526.jpg
OLD,20378.jpg
OLD,14645.jpg
YOUNG,8291.jpg
YOUNG,17234.jpg
OLD,5583.jpg
OLD,9800.jpg
YOUNG,11804.jpg
OLD,14452.jpg
YOUNG,25343.jpg
YOUNG,9337.jpg
YOUNG,845.jpg
MIDDLE,5890.jpg
OLD,8438.jpg
YOUNG,14031.jpg
YOUNG,14117.jpg
OLD,17516.jpg
YOUNG,3812.jpg
YOUNG,1246.jpg
OLD,14977.jpg
YOUNG,21065.jpg
OLD,18104.jpg
YOUNG,10358.jpg
YOUNG,7995.jpg
YOUNG,11626.jpg
YOUNG,8302.jpg
YOUNG,21083.jpg
YOUNG,22267.jpg
OLD,12292.jpg
YOUNG,15154.jpg
MIDDLE,15584.jpg
MIDDLE,2328.jpg
MIDDLE,16543.jpg
YOUNG,15673.jpg
YOUNG,1275.jpg
MIDDLE,22021.jpg
OLD,21758.jpg
YOUNG,14827.jpg
YOUNG,8381.jpg
OLD,17999.jpg
YOUNG,17438.jpg
YOUNG,10920.jpg
OLD,21330.jpg
YOUNG,18298.jpg
YOUNG,19901.jpg
OLD,8013.jpg
OLD,6836.jpg
OLD,10952.jpg
OLD,2655.jpg
OLD,13874.jpg
OLD,5703.jpg
OLD,3898.jpg
YOUNG,26007.jpg
YOUNG,20238.jpg
YOUNG,10656.jpg
OLD,20755.jpg
OLD,6514.jpg
MIDDLE,511.jpg
YOUNG,8188.jpg
OLD,1756.jpg
YOUNG,24601.jpg
YOUNG,1466.jpg
YOUNG,25662.jpg
OLD,9960.jpg
YOUNG,15239.jpg
YOUNG,15359.jpg
OLD,21420.jpg
MIDDLE,8590.jpg
YOUNG,11745.jpg
OLD,16500.jpg
OLD,21385.jpg
OLD,14458.jpg
YOUNG,1124.jpg
OLD,5781.jpg
MIDDLE,26138.jpg
YOUNG,6908.jpg
YOUNG,13105.jpg
YOUNG,21891.jpg
YOUNG,16855.jpg
YOUNG,21384.jpg
OLD,25235.jpg
YOUNG,24878.jpg
YOUNG,10242.jpg
OLD,3828.jpg
YOUNG,11627.jpg
OLD,19313.jpg
YOUNG,5713.jpg
YOUNG,21950.jpg
MIDDLE,11833.jpg
YOUNG,14534.jpg
OLD,18526.jpg
OLD,12459.jpg
OLD,19438.jpg
MIDDLE,12833.jpg
YOUNG,1912.jpg
OLD,5938.jpg
YOUNG,14607.jpg
MIDDLE,5730.jpg
YOUNG,22741.jpg
YOUNG,6931.jpg
OLD,9347.jpg
YOUNG,3767.jpg
MIDDLE,3366.jpg
MIDDLE,25526.jpg
YOUNG,17034.jpg
MIDDLE,4996.jpg
OLD,21786.jpg
OLD,22772.jpg
YOUNG,13673.jpg
YOUNG,9215.jpg
YOUNG,7885.jpg
OLD,4617.jpg
YOUNG,11331.jpg
YOUNG,16833.jpg
YOUNG,9567.jpg
YOUNG,73.jpg
OLD,910.jpg
MIDDLE,713.jpg
YOUNG,21934.jpg
YOUNG,13553.jpg
OLD,1918.jpg
YOUNG,21527.jpg
MIDDLE,827.jpg
OLD,9029.jpg
OLD,2394.jpg
YOUNG,26508.jpg
OLD,22608.jpg
YOUNG,25555.jpg
YOUNG,16103.jpg
YOUNG,4505.jpg
YOUNG,24507.jpg
YOUNG,5326.jpg
OLD,25346.jpg
YOUNG,23751.jpg
MIDDLE,22602.jpg
YOUNG,12289.jpg
YOUNG,13968.jpg
OLD,1953.jpg
OLD,7993.jpg
YOUNG,22615.jpg
OLD,22600.jpg
YOUNG,5455.jpg
YOUNG,1653.jpg
OLD,23172.jpg
YOUNG,18194.jpg
YOUNG,13945.jpg
YOUNG,24298.jpg
YOUNG,13377.jpg
YOUNG,966.jpg
OLD,25548.jpg
OLD,4409.jpg
YOUNG,19650.jpg
YOUNG,15944.jpg
YOUNG,9621.jpg
OLD,4806.jpg
YOUNG,1798.jpg
YOUNG,5497.jpg
YOUNG,14465.jpg
OLD,9316.jpg
YOUNG,26049.jpg
YOUNG,15975.jpg
YOUNG,12905.jpg
OLD,8105.jpg
YOUNG,14483.jpg
YOUNG,20370.jpg
YOUNG,6604.jpg
YOUNG,11403.jpg
YOUNG,21813.jpg
YOUNG,24668.jpg
YOUNG,13109.jpg
MIDDLE,22719.jpg
YOUNG,9118.jpg
MIDDLE,6205.jpg
OLD,7875.jpg
YOUNG,13101.jpg
YOUNG,16876.jpg
YOUNG,9794.jpg
OLD,22505.jpg
OLD,18683.jpg
MIDDLE,6625.jpg
OLD,24931.jpg
MIDDLE,14276.jpg
MIDDLE,18921.jpg
MIDDLE,4756.jpg
MIDDLE,17274.jpg
OLD,13436.jpg
YOUNG,10590.jpg
YOUNG,6305.jpg
YOUNG,11129.jpg
YOUNG,19071.jpg
YOUNG,21918.jpg
YOUNG,6470.jpg
OLD,16185.jpg
YOUNG,5015.jpg
MIDDLE,23530.jpg
OLD,15368.jpg
OLD,15743.jpg
OLD,20303.jpg
YOUNG,14094.jpg
YOUNG,16616.jpg
YOUNG,3430.jpg
YOUNG,9105.jpg
YOUNG,15425.jpg
OLD,9169.jpg
OLD,6338.jpg
YOUNG,22588.jpg
YOUNG,12013.jpg
YOUNG,9263.jpg
YOUNG,1895.jpg
YOUNG,1923.jpg
OLD,17019.jpg
YOUNG,16508.jpg
OLD,22107.jpg
YOUNG,12165.jpg
YOUNG,7929.jpg
OLD,11573.jpg
OLD,9180.jpg
OLD,20351.jpg
OLD,899.jpg
YOUNG,8642.jpg
YOUNG,18459.jpg
YOUNG,18656.jpg
OLD,22601.jpg
MIDDLE,7191.jpg
YOUNG,16133.jpg
YOUNG,13921.jpg
YOUNG,19155.jpg
YOUNG,6594.jpg
YOUNG,19123.jpg
YOUNG,10739.jpg
MIDDLE,25065.jpg
OLD,21324.jpg
OLD,25910.jpg
YOUNG,14045.jpg
MIDDLE,2508.jpg
YOUNG,14369.jpg
YOUNG,4523.jpg
OLD,24259.jpg
OLD,24215.jpg
OLD,26031.jpg
OLD,10499.jpg
OLD,16510.jpg
OLD,20326.jpg
YOUNG,3339.jpg
YOUNG,3111.jpg
YOUNG,26538.jpg
OLD,21033.jpg
YOUNG,5822.jpg
OLD,487.jpg
YOUNG,19701.jpg
YOUNG,19379.jpg
YOUNG,13739.jpg
OLD,17830.jpg
OLD,15589.jpg
YOUNG,23080.jpg
YOUNG,18453.jpg
YOUNG,5796.jpg
YOUNG,23856.jpg
OLD,19673.jpg
MIDDLE,21474.jpg
YOUNG,11607.jpg
YOUNG,8815.jpg
OLD,13838.jpg
OLD,17060.jpg
YOUNG,7694.jpg
OLD,14701.jpg
MIDDLE,9253.jpg
YOUNG,4192.jpg
YOUNG,15010.jpg
YOUNG,26033.jpg
OLD,6389.jpg
YOUNG,18524.jpg
MIDDLE,13596.jpg
YOUNG,23972.jpg
OLD,15649.jpg
OLD,18218.jpg
YOUNG,13266.jpg
OLD,7610.jpg
YOUNG,21850.jpg
YOUNG,11160.jpg
YOUNG,8041.jpg
OLD,24924.jpg
YOUNG,19258.jpg
OLD,8252.jpg
MIDDLE,15753.jpg
YOUNG,20906.jpg
YOUNG,396.jpg
OLD,7612.jpg
YOUNG,17423.jpg
YOUNG,18840.jpg
YOUNG,21967.jpg
YOUNG,2933.jpg
YOUNG,12389.jpg
YOUNG,24611.jpg
OLD,24413.jpg
YOUNG,2246.jpg
YOUNG,7852.jpg
YOUNG,19192.jpg
YOUNG,15350.jpg
YOUNG,17852.jpg
YOUNG,13778.jpg
YOUNG,25177.jpg
OLD,17226.jpg
OLD,4514.jpg
YOUNG,25272.jpg
YOUNG,20958.jpg
YOUNG,22138.jpg
YOUNG,15416.jpg
OLD,19589.jpg
YOUNG,6239.jpg
YOUNG,749.jpg
YOUNG,12844.jpg
YOUNG,4043.jpg
OLD,22284.jpg
OLD,7789.jpg
YOUNG,23758.jpg
YOUNG,1877.jpg
YOUNG,10033.jpg
YOUNG,25795.jpg
YOUNG,14579.jpg
OLD,11538.jpg
YOUNG,13819.jpg
YOUNG,7077.jpg
OLD,3650.jpg
YOUNG,6755.jpg
YOUNG,14752.jpg
OLD,4845.jpg
YOUNG,26040.jpg
YOUNG,12284.jpg
OLD,14767.jpg
YOUNG,9401.jpg
OLD,1052.jpg
YOUNG,20659.jpg
YOUNG,11431.jpg
OLD,3665.jpg
YOUNG,8722.jpg
OLD,3614.jpg
YOUNG,11606.jpg
MIDDLE,4985.jpg
YOUNG,23578.jpg
YOUNG,22417.jpg
OLD,18292.jpg
YOUNG,11188.jpg
OLD,12932.jpg
YOUNG,25805.jpg
OLD,22965.jpg
YOUNG,18215.jpg
YOUNG,2.jpg
YOUNG,14474.jpg
OLD,20564.jpg
YOUNG,23979.jpg
MIDDLE,12430.jpg
YOUNG,17160.jpg
OLD,11091.jpg
OLD,7440.jpg
OLD,22914.jpg
MIDDLE,22858.jpg
OLD,23429.jpg
YOUNG,15778.jpg
YOUNG,9114.jpg
YOUNG,3418.jpg
OLD,21720.jpg
YOUNG,4587.jpg
YOUNG,21075.jpg
OLD,9741.jpg
OLD,9097.jpg
YOUNG,15613.jpg
YOUNG,5457.jpg
YOUNG,25134.jpg
YOUNG,22215.jpg
YOUNG,16681.jpg
OLD,6063.jpg
YOUNG,22949.jpg
OLD,1720.jpg
YOUNG,16166.jpg
YOUNG,10606.jpg
OLD,24082.jpg
YOUNG,6966.jpg
YOUNG,11508.jpg
YOUNG,12858.jpg
OLD,7688.jpg
YOUNG,19066.jpg
MIDDLE,14569.jpg
MIDDLE,12399.jpg
YOUNG,25450.jpg
YOUNG,14437.jpg
YOUNG,21888.jpg
YOUNG,12845.jpg
YOUNG,4621.jpg
OLD,19752.jpg
YOUNG,10534.jpg
YOUNG,22761.jpg
OLD,23142.jpg
OLD,18151.jpg
YOUNG,19024.jpg
YOUNG,17406.jpg
YOUNG,15170.jpg
YOUNG,15317.jpg
YOUNG,23945.jpg
YOUNG,25847.jpg
OLD,1862.jpg
MIDDLE,1503.jpg
OLD,19062.jpg
MIDDLE,12647.jpg
OLD,9569.jpg
YOUNG,4796.jpg
YOUNG,840.jpg
YOUNG,9880.jpg
MIDDLE,15485.jpg
YOUNG,20665.jpg
YOUNG,20136.jpg
OLD,9479.jpg
OLD,17452.jpg
YOUNG,10870.jpg
YOUNG,21180.jpg
MIDDLE,6930.jpg
YOUNG,1603.jpg
MIDDLE,8314.jpg
YOUNG,8085.jpg
YOUNG,6050.jpg
OLD,15500.jpg
YOUNG,13192.jpg
YOUNG,6590.jpg
YOUNG,25550.jpg
OLD,2129.jpg
YOUNG,2032.jpg
YOUNG,1789.jpg
YOUNG,12407.jpg
OLD,8654.jpg
YOUNG,18714.jpg
OLD,13424.jpg
YOUNG,3046.jpg
YOUNG,16381.jpg
YOUNG,16470.jpg
YOUNG,15808.jpg
YOUNG,16251.jpg
MIDDLE,12245.jpg
YOUNG,25715.jpg
YOUNG,1930.jpg
YOUNG,722.jpg
YOUNG,13145.jpg
YOUNG,2952.jpg
OLD,19996.jpg
YOUNG,9878.jpg
OLD,11394.jpg
YOUNG,14163.jpg
OLD,4456.jpg
YOUNG,23188.jpg
YOUNG,24822.jpg
MIDDLE,21798.jpg
YOUNG,15064.jpg
YOUNG,15635.jpg
YOUNG,633.jpg
OLD,18994.jpg
YOUNG,8180.jpg
MIDDLE,17935.jpg
YOUNG,22131.jpg
MIDDLE,7901.jpg
MIDDLE,18066.jpg
YOUNG,20837.jpg
OLD,13671.jpg
YOUNG,16691.jpg
OLD,3890.jpg
MIDDLE,4050.jpg
YOUNG,8121.jpg
YOUNG,10155.jpg
YOUNG,20316.jpg
YOUNG,12079.jpg
YOUNG,25540.jpg
YOUNG,15504.jpg
YOUNG,18531.jpg
YOUNG,14392.jpg
OLD,9638.jpg
OLD,12614.jpg
YOUNG,6717.jpg
YOUNG,17570.jpg
YOUNG,13690.jpg
MIDDLE,4210.jpg
MIDDLE,17200.jpg
OLD,11324.jpg
OLD,22127.jpg
OLD,19418.jpg
YOUNG,901.jpg
MIDDLE,12489.jpg
YOUNG,2749.jpg
YOUNG,2365.jpg
MIDDLE,11093.jpg
YOUNG,3135.jpg
OLD,21355.jpg
YOUNG,12889.jpg
OLD,18435.jpg
YOUNG,7108.jpg
OLD,3001.jpg
YOUNG,8311.jpg
MIDDLE,7158.jpg
YOUNG,21223.jpg
OLD,7417.jpg
YOUNG,24023.jpg
OLD,13917.jpg
YOUNG,19868.jpg
YOUNG,20519.jpg
OLD,9636.jpg
OLD,26194.jpg
YOUNG,1244.jpg
YOUNG,11926.jpg
MIDDLE,14999.jpg
YOUNG,3674.jpg
OLD,9681.jpg
YOUNG,9274.jpg
YOUNG,22474.jpg
YOUNG,2356.jpg
YOUNG,17912.jpg
MIDDLE,177.jpg
OLD,9179.jpg
MIDDLE,6504.jpg
YOUNG,10985.jpg
YOUNG,7067.jpg
YOUNG,21905.jpg
MIDDLE,10322.jpg
YOUNG,10404.jpg
YOUNG,1019.jpg
OLD,13610.jpg
YOUNG,24858.jpg
YOUNG,20259.jpg
OLD,10728.jpg
YOUNG,14953.jpg
YOUNG,19907.jpg
OLD,15502.jpg
OLD,12042.jpg
YOUNG,13005.jpg
YOUNG,11892.jpg
YOUNG,18773.jpg
YOUNG,23796.jpg
YOUNG,6770.jpg
YOUNG,12285.jpg
YOUNG,1231.jpg
OLD,8521.jpg
OLD,500.jpg
YOUNG,3777.jpg
YOUNG,187.jpg
YOUNG,20995.jpg
YOUNG,20540.jpg
OLD,8637.jpg
YOUNG,1233.jpg
OLD,8132.jpg
YOUNG,24402.jpg
MIDDLE,1817.jpg
YOUNG,23184.jpg
OLD,23196.jpg
OLD,13543.jpg
OLD,15634.jpg
OLD,8609.jpg
YOUNG,1838.jpg
YOUNG,20750.jpg
YOUNG,15117.jpg
YOUNG,6302.jpg
YOUNG,13586.jpg
OLD,7075.jpg
OLD,7794.jpg
YOUNG,4313.jpg
YOUNG,11818.jpg
MIDDLE,22999.jpg
YOUNG,7170.jpg
MIDDLE,1172.jpg
YOUNG,8920.jpg
OLD,16046.jpg
OLD,21878.jpg
OLD,4512.jpg
YOUNG,5473.jpg
OLD,20185.jpg
YOUNG,19723.jpg
YOUNG,6067.jpg
YOUNG,2271.jpg
YOUNG,3721.jpg
YOUNG,6617.jpg
YOUNG,18729.jpg
MIDDLE,1471.jpg
YOUNG,290.jpg
OLD,16055.jpg
YOUNG,14078.jpg
YOUNG,18402.jpg
YOUNG,26464.jpg
YOUNG,26419.jpg
OLD,26476.jpg
OLD,14591.jpg
MIDDLE,5812.jpg
OLD,12269.jpg
MIDDLE,23334.jpg
OLD,8499.jpg
OLD,25352.jpg
YOUNG,3846.jpg
YOUNG,5353.jpg
YOUNG,11479.jpg
YOUNG,16322.jpg
YOUNG,23006.jpg
YOUNG,16095.jpg
YOUNG,19359.jpg
MIDDLE,8976.jpg
OLD,12160.jpg
MIDDLE,10620.jpg
OLD,7827.jpg
OLD,10265.jpg
YOUNG,5164.jpg
YOUNG,3169.jpg
YOUNG,16279.jpg
OLD,9283.jpg
YOUNG,5010.jpg
YOUNG,17548.jpg
MIDDLE,4035.jpg
YOUNG,22352.jpg
YOUNG,11977.jpg
MIDDLE,13700.jpg
YOUNG,14730.jpg
YOUNG,24092.jpg
MIDDLE,20501.jpg
MIDDLE,26017.jpg
OLD,24115.jpg
OLD,24923.jpg
OLD,20063.jpg
OLD,13117.jpg
MIDDLE,3608.jpg
OLD,1678.jpg
MIDDLE,15148.jpg
YOUNG,11575.jpg
OLD,7360.jpg
OLD,10571.jpg
YOUNG,15867.jpg
YOUNG,20865.jpg
MIDDLE,10094.jpg
YOUNG,4413.jpg
OLD,7220.jpg
OLD,23645.jpg
OLD,13010.jpg
YOUNG,22130.jpg
OLD,13390.jpg
MIDDLE,19760.jpg
YOUNG,26510.jpg
OLD,1028.jpg
MIDDLE,16369.jpg
YOUNG,20986.jpg
YOUNG,11181.jpg
YOUNG,13317.jpg
OLD,322.jpg
YOUNG,11028.jpg
YOUNG,21687.jpg
OLD,19308.jpg
YOUNG,2744.jpg
YOUNG,11822.jpg
OLD,18424.jpg
YOUNG,3800.jpg
YOUNG,12548.jpg
YOUNG,4583.jpg
YOUNG,3020.jpg
OLD,26518.jpg
YOUNG,13661.jpg
OLD,4472.jpg
OLD,7204.jpg
YOUNG,10648.jpg
MIDDLE,9795.jpg
MIDDLE,5001.jpg
OLD,6133.jpg
YOUNG,23615.jpg
OLD,4186.jpg
YOUNG,18207.jpg
YOUNG,11828.jpg
MIDDLE,20269.jpg
YOUNG,5620.jpg
YOUNG,831.jpg
YOUNG,4100.jpg
YOUNG,4568.jpg
YOUNG,2841.jpg
MIDDLE,22568.jpg
YOUNG,22582.jpg
OLD,23944.jpg
YOUNG,17344.jpg
YOUNG,17224.jpg
YOUNG,2783.jpg
MIDDLE,18365.jpg
OLD,1040.jpg
OLD,8597.jpg
OLD,18721.jpg
YOUNG,18278.jpg
OLD,22618.jpg
YOUNG,23066.jpg
OLD,3380.jpg
MIDDLE,4999.jpg
OLD,8144.jpg
YOUNG,3073.jpg
YOUNG,18010.jpg
YOUNG,8330.jpg
OLD,686.jpg
YOUNG,19151.jpg
OLD,7408.jpg
OLD,16805.jpg
YOUNG,9689.jpg
YOUNG,13172.jpg
OLD,24493.jpg
YOUNG,15680.jpg
MIDDLE,11037.jpg
YOUNG,7.jpg
YOUNG,4067.jpg
YOUNG,4950.jpg
YOUNG,2706.jpg
OLD,10238.jpg
YOUNG,13978.jpg
OLD,21453.jpg
YOUNG,228.jpg
YOUNG,14710.jpg
YOUNG,8136.jpg
YOUNG,16903.jpg
YOUNG,7031.jpg
YOUNG,4337.jpg
YOUNG,25850.jpg
OLD,23627.jpg
YOUNG,11504.jpg
OLD,19741.jpg
OLD,24018.jpg
MIDDLE,6704.jpg
OLD,23984.jpg
YOUNG,17251.jpg
YOUNG,6368.jpg
YOUNG,23031.jpg
YOUNG,2125.jpg
YOUNG,16258.jpg
OLD,7649.jpg
YOUNG,2920.jpg
YOUNG,18494.jpg
YOUNG,26504.jpg
YOUNG,25006.jpg
OLD,12337.jpg
OLD,24331.jpg
YOUNG,4119.jpg
YOUNG,19886.jpg
YOUNG,21345.jpg
OLD,18657.jpg
YOUNG,18586.jpg
YOUNG,25647.jpg
YOUNG,19695.jpg
OLD,8905.jpg
OLD,13574.jpg
OLD,5043.jpg
OLD,17109.jpg
YOUNG,21909.jpg
YOUNG,9009.jpg
YOUNG,10230.jpg
YOUNG,7200.jpg
YOUNG,16890.jpg
OLD,18915.jpg
YOUNG,2197.jpg
YOUNG,8621.jpg
MIDDLE,3675.jpg
YOUNG,11034.jpg
YOUNG,25404.jpg
OLD,4098.jpg
YOUNG,16041.jpg
OLD,23931.jpg
YOUNG,19286.jpg
YOUNG,23863.jpg
YOUNG,13798.jpg
OLD,25289.jpg
YOUNG,6863.jpg
YOUNG,13772.jpg
YOUNG,1768.jpg
YOUNG,21076.jpg
YOUNG,1096.jpg
OLD,26015.jpg
MIDDLE,5658.jpg
YOUNG,26221.jpg
OLD,23620.jpg
OLD,21872.jpg
OLD,1478.jpg
YOUNG,22520.jpg
YOUNG,2695.jpg
YOUNG,4604.jpg
YOUNG,18867.jpg
OLD,15102.jpg
MIDDLE,4249.jpg
YOUNG,12560.jpg
YOUNG,21772.jpg
YOUNG,11052.jpg
YOUNG,7923.jpg
OLD,21525.jpg
MIDDLE,12856.jpg
YOUNG,11238.jpg
YOUNG,17017.jpg
OLD,18348.jpg
OLD,13043.jpg
YOUNG,20817.jpg
YOUNG,19324.jpg
OLD,1431.jpg
MIDDLE,6730.jpg
YOUNG,6554.jpg
OLD,21869.jpg
YOUNG,3492.jpg
OLD,9869.jpg
OLD,13841.jpg
OLD,8999.jpg
MIDDLE,15780.jpg
OLD,10241.jpg
OLD,13006.jpg
YOUNG,20322.jpg
YOUNG,24054.jpg
YOUNG,21310.jpg
OLD,24707.jpg
YOUNG,3292.jpg
YOUNG,18392.jpg
OLD,7731.jpg
YOUNG,26522.jpg
OLD,25614.jpg
OLD,11283.jpg
OLD,1485.jpg
OLD,15057.jpg
MIDDLE,9582.jpg
YOUNG,10634.jpg
YOUNG,15146.jpg
YOUNG,16049.jpg
OLD,13461.jpg
YOUNG,147.jpg
YOUNG,22636.jpg
MIDDLE,6512.jpg
MIDDLE,1876.jpg
YOUNG,14940.jpg
YOUNG,3638.jpg
YOUNG,376.jpg
OLD,9357.jpg
